Date,State,District,Maximum Temp(Celsius),Maximum Temp Departure from Normal(Celsius),Minimum Temp(Celsius),Minimum Temp Departure from Normal(Celsius),24 Hours Rainfall (mm),Relative Humidity at 0830 hrs (%),Relative Humidity at 1730 hrs (%),Todays Sunset (IST),Tommorows Sunrise (IST),Moonset (IST),Moonrise (IST)
2018-06-26,Andaman and Nicobar,Nicobar Islands,29.7,0.0,24.3,0.0,31.1,93.0,97.0,0 days 17:46:00.000000000,0 days 04:58:00.000000000,0 days 03:19:00.000000000,0 days 16:16:00.000000000
2018-06-26,Andaman and Nicobar,North and Middle Andaman,29.7,0.0,24.3,0.0,31.1,93.0,97.0,0 days 17:46:00.000000000,0 days 04:58:00.000000000,0 days 03:19:00.000000000,0 days 16:16:00.000000000
2018-06-26,Andaman and Nicobar,South Andaman,29.7,0.0,24.3,0.0,31.1,93.0,97.0,0 days 17:46:00.000000000,0 days 04:58:00.000000000,0 days 03:19:00.000000000,0 days 16:16:00.000000000
2018-06-26,Andhra Pradesh,Anantapur,36.0,1.0,24.3,-1.0,0.1,61.0,40.0,0 days 18:52:00.000000000,0 days 05:53:00.000000000,0 days 04:17:00.000000000,0 days 17:23:00.000000000
2018-06-26,Andhra Pradesh,Chittoor,38.9,2.0,24.2,-3.0,8.2,57.0,41.0,0 days 18:42:00.000000000,0 days 05:47:00.000000000,0 days 04:11:00.000000000,0 days 17:13:00.000000000
2018-06-26,Andhra Pradesh,East Godavari,39.0,5.0,29.1,2.0,,66.0,47.0,0 days 18:38:00.000000000,0 days 05:30:00.000000000,0 days 03:55:00.000000000,0 days 17:07:00.000000000
2018-06-26,Andhra Pradesh,Guntur,39.0,3.0,28.0,2.0,,57.0,40.0,0 days 18:43:00.000000000,0 days 05:36:00.000000000,0 days 04:02:00.000000000,0 days 17:13:00.000000000
2018-06-26,Andhra Pradesh,Krishna,39.55,3.0,26.299999999999997,-1.0,8.2,60.5,54.0,0 days 18:41:30.000000000,0 days 05:41:30.000000000,0 days 04:06:00.000000000,0 days 17:12:00.000000000
2018-06-26,Andhra Pradesh,Kurnool,36.5,2.0,26.2,1.0,,64.0,35.0,0 days 18:52:00.000000000,0 days 05:49:00.000000000,0 days 04:14:00.000000000,0 days 17:23:00.000000000
2018-06-26,Andhra Pradesh,Nellore,39.0,2.0,28.6,1.0,,56.0,56.0,0 days 18:42:00.000000000,0 days 05:44:00.000000000,0 days 04:08:00.000000000,0 days 17:13:00.000000000
2018-06-26,Andhra Pradesh,Prakasam,39.0,2.0,30.4,3.0,,59.0,35.0,0 days 18:44:00.000000000,0 days 05:44:00.000000000,0 days 04:06:00.000000000,0 days 17:14:00.000000000
2018-06-26,Andhra Pradesh,Srikakulam,32.8,0.0,27.9,2.0,,78.0,80.0,0 days 18:33:00.000000000,0 days 05:19:00.000000000,0 days 03:45:00.000000000,0 days 17:02:00.000000000
2018-06-26,Andhra Pradesh,Visakhapatnam,35.8,4.0,29.6,3.0,,70.0,70.0,0 days 18:35:00.000000000,0 days 05:24:00.000000000,0 days 03:50:00.000000000,0 days 17:04:00.000000000
2018-06-26,Andhra Pradesh,Vizianagaram,35.8,4.0,29.6,3.0,,70.0,70.0,0 days 18:35:00.000000000,0 days 05:24:00.000000000,0 days 03:50:00.000000000,0 days 17:04:00.000000000
2018-06-26,Andhra Pradesh,West Godavari,39.0,3.0,28.0,2.0,,57.0,40.0,0 days 18:43:00.000000000,0 days 05:36:00.000000000,0 days 04:02:00.000000000,0 days 17:13:00.000000000
2018-06-26,Andhra Pradesh,Y.S.R.,37.5,1.0,28.0,2.0,,74.0,57.0,0 days 18:47:00.000000000,0 days 05:48:00.000000000,0 days 04:13:00.000000000,0 days 17:17:00.000000000
2018-06-26,Arunachal Pradesh,Anjaw,32.7,2.0,24.5,1.0,11.1,97.0,,,,,
2018-06-26,Arunachal Pradesh,Changlang,33.5,,24.0,,,89.0,73.0,,,,
2018-06-26,Arunachal Pradesh,Dibang Valley,32.7,2.0,24.5,1.0,11.1,97.0,,,,,
2018-06-26,Arunachal Pradesh,East Kameng,31.2,,25.2,,5.3,85.0,84.0,0 days 18:13:00.000000000,0 days 04:23:00.000000000,0 days 02:52:00.000000000,0 days 16:36:00.000000000
2018-06-26,Arunachal Pradesh,East Siang,32.7,2.0,24.5,1.0,11.1,97.0,,,,,
2018-06-26,Arunachal Pradesh,Kurung Kumey,31.2,,25.2,,5.3,85.0,84.0,0 days 18:13:00.000000000,0 days 04:23:00.000000000,0 days 02:52:00.000000000,0 days 16:36:00.000000000
2018-06-26,Arunachal Pradesh,Lohit,33.5,,24.0,,,89.0,73.0,,,,
2018-06-26,Arunachal Pradesh,Longding,33.5,,24.0,,,89.0,73.0,,,,
2018-06-26,Arunachal Pradesh,Lower Dibang Valley,32.7,2.0,24.5,1.0,11.1,97.0,,,,,
2018-06-26,Arunachal Pradesh,Lower Subansiri,30.5,-1.0,24.2,0.0,55.6,97.0,80.0,0 days 18:11:00.000000000,0 days 04:21:00.000000000,0 days 02:50:00.000000000,0 days 16:35:00.000000000
2018-06-26,Arunachal Pradesh,Namsai,33.5,,24.0,,,89.0,73.0,,,,
2018-06-26,Arunachal Pradesh,Papum Pare,31.2,,25.2,,5.3,85.0,84.0,0 days 18:13:00.000000000,0 days 04:23:00.000000000,0 days 02:52:00.000000000,0 days 16:36:00.000000000
2018-06-26,Arunachal Pradesh,Tawang,,,,,,,,,,,
2018-06-26,Arunachal Pradesh,Tirap,33.5,,24.0,,,89.0,73.0,,,,
2018-06-26,Arunachal Pradesh,Upper Siang,32.7,2.0,24.5,1.0,11.1,97.0,,,,,
2018-06-26,Arunachal Pradesh,Upper Subansiri,,,,,,,,,,,
2018-06-26,Arunachal Pradesh,West Kameng,32.0,,25.8,,17.2,89.0,90.0,,,,
2018-06-26,Arunachal Pradesh,West Siang,,,,,,,,,,,
2018-06-26,Assam,Baksa,,,,,,,,,,,
2018-06-26,Assam,Barpeta,,,,,,,,,,,
2018-06-26,Assam,Bongaigaon,29.2,,20.0,,,94.0,86.0,,,,
2018-06-26,Assam,Cachar,30.0,-2.0,23.2,-2.0,27.4,85.0,93.0,0 days 18:11:00.000000000,0 days 04:31:00.000000000,0 days 02:59:00.000000000,0 days 16:36:00.000000000
2018-06-26,Assam,Chirang,,,,,,,,,,,
2018-06-26,Assam,Darrang,34.3,2.0,25.0,0.0,6.4,87.0,89.0,0 days 18:18:00.000000000,0 days 04:32:00.000000000,0 days 03:01:00.000000000,0 days 16:42:00.000000000
2018-06-26,Assam,Dhemaji,33.6,2.0,25.6,1.0,0.6,92.0,73.0,0 days 18:09:00.000000000,0 days 04:17:00.000000000,0 days 02:46:00.000000000,0 days 16:32:00.000000000
2018-06-26,Assam,Dhubri,30.5,-1.0,26.0,1.0,8.2,97.0,82.0,0 days 18:25:00.000000000,0 days 04:40:00.000000000,0 days 03:09:00.000000000,0 days 16:50:00.000000000
2018-06-26,Assam,Dibrugarh,33.6,2.0,25.6,1.0,0.6,92.0,73.0,0 days 18:09:00.000000000,0 days 04:17:00.000000000,0 days 02:46:00.000000000,0 days 16:32:00.000000000
2018-06-26,Assam,Dima Hasao,35.0,,25.8,,,68.0,44.0,,,,
2018-06-26,Assam,Goalpara,29.2,,20.0,,,94.0,86.0,,,,
2018-06-26,Assam,Golaghat,,,27.0,,3.6,92.0,,,,,
2018-06-26,Assam,Hailakandi,30.0,-2.0,23.2,-2.0,27.4,85.0,93.0,0 days 18:11:00.000000000,0 days 04:31:00.000000000,0 days 02:59:00.000000000,0 days 16:36:00.000000000
2018-06-26,Assam,Jorhat,35.2,,25.4,,11.8,67.0,77.0,0 days 18:10:00.000000000,0 days 04:21:00.000000000,0 days 02:50:00.000000000,0 days 16:33:00.000000000
2018-06-26,Assam,Kamrup Metropolitan,34.3,2.0,25.0,0.0,6.4,87.0,89.0,0 days 18:18:00.000000000,0 days 04:32:00.000000000,0 days 03:01:00.000000000,0 days 16:42:00.000000000
2018-06-26,Assam,Kamrup,34.3,2.0,25.0,0.0,6.4,87.0,89.0,0 days 18:18:00.000000000,0 days 04:32:00.000000000,0 days 03:01:00.000000000,0 days 16:42:00.000000000
2018-06-26,Assam,Karbi Anglong,35.0,,25.8,,,68.0,44.0,,,,
2018-06-26,Assam,Karimganj,30.0,-2.0,23.2,-2.0,27.4,85.0,93.0,0 days 18:11:00.000000000,0 days 04:31:00.000000000,0 days 02:59:00.000000000,0 days 16:36:00.000000000
2018-06-26,Assam,Kokrajhar,29.2,,20.0,,,94.0,86.0,,,,
2018-06-26,Assam,Lakhimpur,30.5,-1.0,24.2,0.0,55.6,97.0,80.0,0 days 18:11:00.000000000,0 days 04:21:00.000000000,0 days 02:50:00.000000000,0 days 16:35:00.000000000
2018-06-26,Assam,Morigaon,34.3,2.0,25.0,0.0,6.4,87.0,89.0,0 days 18:18:00.000000000,0 days 04:32:00.000000000,0 days 03:01:00.000000000,0 days 16:42:00.000000000
2018-06-26,Assam,Nagaon,35.0,,25.8,,,68.0,44.0,,,,
2018-06-26,Assam,Nalbari,,,,,,,,,,,
2018-06-26,Assam,Sivasagar,33.6,2.0,25.6,1.0,0.6,92.0,73.0,0 days 18:09:00.000000000,0 days 04:17:00.000000000,0 days 02:46:00.000000000,0 days 16:32:00.000000000
2018-06-26,Assam,Sonitpur,,,26.9,2.0,,71.0,,0 days 18:15:00.000000000,0 days 04:27:00.000000000,0 days 02:56:00.000000000,0 days 16:39:00.000000000
2018-06-26,Assam,Tinsukia,33.5,,24.0,,,89.0,73.0,,,,
2018-06-26,Assam,Udalguri,32.0,,25.8,,17.2,89.0,90.0,,,,
2018-06-26,Bihar,Araria,33.6,0.0,25.0,-2.0,1.2,86.0,67.0,,,,
2018-06-26,Bihar,Arwal,40.6,5.0,25.0,-1.0,20.2,80.0,89.0,0 days 18:43:00.000000000,0 days 05:03:00.000000000,0 days 04:16:00.000000000,0 days 17:09:00.000000000
2018-06-26,Bihar,Aurangabad,30.5,-2.0,20.7,-2.0,9.2,90.0,86.0,0 days 19:12:00.000000000,0 days 05:52:00.000000000,0 days 04:19:00.000000000,0 days 17:41:00.000000000
2018-06-26,Bihar,Banka,,,,,,,,0 days 18:35:00.000000000,0 days 04:57:00.000000000,0 days 04:09:00.000000000,0 days 17:01:00.000000000
2018-06-26,Bihar,Begusarai,,,,,,,,,,,
2018-06-26,Bihar,Bhagalpur,38.4,4.0,26.5,-1.0,,85.0,80.0,0 days 18:36:00.000000000,0 days 04:54:00.000000000,0 days 04:07:00.000000000,0 days 17:05:00.000000000
2018-06-26,Bihar,Bhojpur,,,26.3,0.0,,83.0,,,,,
2018-06-26,Bihar,Buxar,,,26.3,0.0,,83.0,,,,,
2018-06-26,Bihar,Darbhanga,,,,,,,,,,,
2018-06-26,Bihar,Gaya,40.6,5.0,25.0,-1.0,20.2,80.0,89.0,0 days 18:43:00.000000000,0 days 05:03:00.000000000,0 days 04:16:00.000000000,0 days 17:09:00.000000000
2018-06-26,Bihar,Gopalganj,,,,,,,,,,,
2018-06-26,Bihar,Jamui,,,,,,,,0 days 18:35:00.000000000,0 days 04:57:00.000000000,0 days 04:09:00.000000000,0 days 17:01:00.000000000
2018-06-26,Bihar,Jehanabad,40.6,5.0,25.0,-1.0,20.2,80.0,89.0,0 days 18:43:00.000000000,0 days 05:03:00.000000000,0 days 04:16:00.000000000,0 days 17:09:00.000000000
2018-06-26,Bihar,Kaimur,42.4,6.0,29.4,2.0,0.3,74.0,41.0,0 days 18:53:00.000000000,0 days 05:10:00.000000000,0 days 04:23:00.000000000,0 days 18:10:00.000000000
2018-06-26,Bihar,Katihar,33.8,0.0,24.4,-1.0,11.4,100.0,70.0,,,,
2018-06-26,Bihar,Khagaria,38.4,4.0,26.5,-1.0,,85.0,80.0,0 days 18:36:00.000000000,0 days 04:54:00.000000000,0 days 04:07:00.000000000,0 days 17:05:00.000000000
2018-06-26,Bihar,Kishanganj,33.6,0.0,25.0,-2.0,1.2,86.0,67.0,,,,
2018-06-26,Bihar,Lakhisarai,,,,,,,,,,,
2018-06-26,Bihar,Madhepura,33.2,0.0,25.2,0.0,1.7,95.0,73.0,,,,
2018-06-26,Bihar,Madhubani,,,,,,,,,,,
2018-06-26,Bihar,Munger,38.4,4.0,26.5,-1.0,,85.0,80.0,0 days 18:36:00.000000000,0 days 04:54:00.000000000,0 days 04:07:00.000000000,0 days 17:05:00.000000000
2018-06-26,Bihar,Muzaffarpur,35.4,2.0,25.8,-1.0,1.6,75.0,69.0,0 days 18:44:00.000000000,0 days 04:58:00.000000000,0 days 04:11:00.000000000,
2018-06-26,Bihar,Nalanda,33.8,0.0,24.4,-1.0,11.4,100.0,70.0,,,,
2018-06-26,Bihar,Nawada,,,,,,,,,,,
2018-06-26,Bihar,Pashchim Champaran,,,,,,,,,,,
2018-06-26,Bihar,Patna,40.3,6.0,25.1,-2.0,3.3,89.0,57.0,0 days 18:44:00.000000000,0 days 05:01:00.000000000,0 days 04:13:00.000000000,0 days 17:10:00.000000000
2018-06-26,Bihar,Purba Champaran,,,,,,,,,,,
2018-06-26,Bihar,Purnia,33.8,0.0,24.4,-1.0,11.4,100.0,70.0,,,,
2018-06-26,Bihar,Rohtas,30.5,-2.0,20.7,-2.0,9.2,90.0,86.0,0 days 19:12:00.000000000,0 days 05:52:00.000000000,0 days 04:19:00.000000000,0 days 17:41:00.000000000
2018-06-26,Bihar,Saharsa,33.2,0.0,25.2,0.0,1.7,95.0,73.0,,,,
2018-06-26,Bihar,Samastipur,,,,,,,,,,,
2018-06-26,Bihar,Saran,,,26.3,0.0,,83.0,,,,,
2018-06-26,Bihar,Sheikhpura,,,,,,,,,,,
2018-06-26,Bihar,Sheohar,35.4,2.0,25.8,-1.0,1.6,75.0,69.0,0 days 18:44:00.000000000,0 days 04:58:00.000000000,0 days 04:11:00.000000000,
2018-06-26,Bihar,Sitamarhi,35.4,2.0,25.8,-1.0,1.6,75.0,69.0,0 days 18:44:00.000000000,0 days 04:58:00.000000000,0 days 04:11:00.000000000,
2018-06-26,Bihar,Siwan,,,26.3,0.0,,83.0,,,,,
2018-06-26,Bihar,Supaul,33.2,0.0,25.2,0.0,1.7,95.0,73.0,,,,
2018-06-26,Bihar,Vaishali,40.3,6.0,25.1,-2.0,3.3,89.0,57.0,0 days 18:44:00.000000000,0 days 05:01:00.000000000,0 days 04:13:00.000000000,0 days 17:10:00.000000000
2018-06-26,Chandigarh,Chandigarh,39.8,3.0,25.3,1.0,1.4,81.0,32.0,0 days 19:28:00.000000000,0 days 05:23:00.000000000,0 days 03:56:00.000000000,0 days 17:52:00.000000000
2018-06-26,Chhattisgarh,Baloda Bazar,39.05,4.0,24.5,0.5,14.5,70.0,44.0,0 days 19:10:30.000000000,0 days 05:21:30.000000000,0 days 03:52:00.000000000,0 days 17:36:00.000000000
2018-06-26,Chhattisgarh,Balod,35.6,2.0,27.2,3.0,,72.0,53.0,0 days 18:50:00.000000000,0 days 05:25:00.000000000,0 days 03:53:00.000000000,0 days 17:18:00.000000000
2018-06-26,Chhattisgarh,Balrampur,36.3,5.0,23.5,0.0,6.0,86.0,37.0,0 days 18:46:00.000000000,0 days 05:13:00.000000000,0 days 03:41:00.000000000,0 days 17:13:00.000000000
2018-06-26,Chhattisgarh,Bastar,33.4,3.0,22.8,0.0,1.1,83.0,58.0,0 days 18:41:00.000000000,0 days 05:29:00.000000000,0 days 03:54:00.000000000,0 days 17:10:00.000000000
2018-06-26,Chhattisgarh,Bemetara,36.6,3.0,28.3,3.0,,70.0,41.0,0 days 18:50:00.000000000,0 days 05:25:00.000000000,0 days 03:52:00.000000000,0 days 17:18:00.000000000
2018-06-26,Chhattisgarh,Bijapur,34.6,1.0,26.2,0.0,,58.0,54.0,0 days 18:53:00.000000000,0 days 05:37:00.000000000,0 days 04:04:00.000000000,0 days 17:22:00.000000000
2018-06-26,Chhattisgarh,Bilaspur,37.166666666666664,3.6666666666666665,23.933333333333334,0.3333333333333333,7.8,74.33333333333333,48.666666666666664,0 days 19:00:40.000000000,0 days 05:24:00.000000000,0 days 03:52:40.000000000,0 days 17:27:20.000000000
2018-06-26,Chhattisgarh,Dantewada,33.4,3.0,22.8,0.0,1.1,83.0,58.0,0 days 18:41:00.000000000,0 days 05:29:00.000000000,0 days 03:54:00.000000000,0 days 17:10:00.000000000
2018-06-26,Chhattisgarh,Dhamtari,36.6,3.0,28.3,3.0,,70.0,41.0,0 days 18:50:00.000000000,0 days 05:25:00.000000000,0 days 03:52:00.000000000,0 days 17:18:00.000000000
2018-06-26,Chhattisgarh,Durg,35.6,2.0,27.2,3.0,,72.0,53.0,0 days 18:50:00.000000000,0 days 05:25:00.000000000,0 days 03:53:00.000000000,0 days 17:18:00.000000000
2018-06-26,Chhattisgarh,Gariaband,35.4,3.0,26.5,3.0,,66.0,52.0,,,,
2018-06-26,Chhattisgarh,Janjgir-Champa,39.05,4.0,24.5,0.5,14.5,70.0,44.0,0 days 19:10:30.000000000,0 days 05:21:30.000000000,0 days 03:52:00.000000000,0 days 17:36:00.000000000
2018-06-26,Chhattisgarh,Jashpur,36.3,5.0,23.5,0.0,6.0,86.0,37.0,0 days 18:46:00.000000000,0 days 05:13:00.000000000,0 days 03:41:00.000000000,0 days 17:13:00.000000000
2018-06-26,Chhattisgarh,Kabeerdham,35.6,2.0,27.2,3.0,,72.0,53.0,0 days 18:50:00.000000000,0 days 05:25:00.000000000,0 days 03:53:00.000000000,0 days 17:18:00.000000000
2018-06-26,Chhattisgarh,Kondagaon,33.4,3.0,22.8,0.0,1.1,83.0,58.0,0 days 18:41:00.000000000,0 days 05:29:00.000000000,0 days 03:54:00.000000000,0 days 17:10:00.000000000
2018-06-26,Chhattisgarh,Korba,34.6,3.0,24.7,1.0,,77.0,55.0,0 days 18:52:00.000000000,0 days 05:22:00.000000000,0 days 03:50:00.000000000,0 days 17:19:00.000000000
2018-06-26,Chhattisgarh,Koriya,34.6,3.0,24.7,1.0,,77.0,55.0,0 days 18:52:00.000000000,0 days 05:22:00.000000000,0 days 03:50:00.000000000,0 days 17:19:00.000000000
2018-06-26,Chhattisgarh,Mahasamund,36.6,3.0,28.3,3.0,,70.0,41.0,0 days 18:50:00.000000000,0 days 05:25:00.000000000,0 days 03:52:00.000000000,0 days 17:18:00.000000000
2018-06-26,Chhattisgarh,Mungeli,39.05,4.0,24.5,0.5,14.5,70.0,44.0,0 days 19:10:30.000000000,0 days 05:21:30.000000000,0 days 03:52:00.000000000,0 days 17:36:00.000000000
2018-06-26,Chhattisgarh,Narayanpur,33.4,3.0,22.8,0.0,1.1,83.0,58.0,0 days 18:41:00.000000000,0 days 05:29:00.000000000,0 days 03:54:00.000000000,0 days 17:10:00.000000000
2018-06-26,Chhattisgarh,Raigarh,36.3,5.0,23.5,0.0,6.0,86.0,37.0,0 days 18:46:00.000000000,0 days 05:13:00.000000000,0 days 03:41:00.000000000,0 days 17:13:00.000000000
2018-06-26,Chhattisgarh,Raipur,36.6,3.0,28.3,3.0,,70.0,41.0,0 days 18:50:00.000000000,0 days 05:25:00.000000000,0 days 03:52:00.000000000,0 days 17:18:00.000000000
2018-06-26,Chhattisgarh,Rajnandgaon,35.6,2.0,27.2,3.0,,72.0,53.0,0 days 18:50:00.000000000,0 days 05:25:00.000000000,0 days 03:53:00.000000000,0 days 17:18:00.000000000
2018-06-26,Chhattisgarh,Sukma,33.4,3.0,22.8,0.0,1.1,83.0,58.0,0 days 18:41:00.000000000,0 days 05:29:00.000000000,0 days 03:54:00.000000000,0 days 17:10:00.000000000
2018-06-26,Chhattisgarh,Surajpur,36.3,5.0,23.5,0.0,6.0,86.0,37.0,0 days 18:46:00.000000000,0 days 05:13:00.000000000,0 days 03:41:00.000000000,0 days 17:13:00.000000000
2018-06-26,Chhattisgarh,Surguja,36.3,5.0,23.5,0.0,6.0,86.0,37.0,0 days 18:46:00.000000000,0 days 05:13:00.000000000,0 days 03:41:00.000000000,0 days 17:13:00.000000000
2018-06-26,Chhattisgarh,Uttar Bastar Kanker,35.6,2.0,27.2,3.0,,72.0,53.0,0 days 18:50:00.000000000,0 days 05:25:00.000000000,0 days 03:53:00.000000000,0 days 17:18:00.000000000
2018-06-26,Dadra and Nagar Haveli,Dadra and Nagar Haveli,27.5,-4.0,26.9,1.0,146.1,88.0,90.0,,,,
2018-06-26,Daman and Diu,Daman,27.5,-4.0,26.9,1.0,146.1,88.0,90.0,,,,
2018-06-26,Daman and Diu,Diu,30.6,-2.0,27.5,4.0,,83.0,86.0,0 days 19:31:00.000000000,0 days 06:08:00.000000000,0 days 04:36:00.000000000,0 days 18:00:00.000000000
2018-06-26,Goa,North Goa,30.0,0.0,24.6,0.0,28.0,86.0,97.0,0 days 19:09:00.000000000,0 days 06:06:00.000000000,0 days 04:32:00.000000000,0 days 17:40:00.000000000
2018-06-26,Goa,South Goa,30.0,0.0,24.6,0.0,28.0,86.0,97.0,0 days 19:09:00.000000000,0 days 06:06:00.000000000,0 days 04:32:00.000000000,0 days 17:40:00.000000000
2018-06-26,Gujarat,Ahmadabad,37.3,1.0,25.4,-2.0,1.1,83.0,73.0,0 days 19:29:00.000000000,0 days 05:56:00.000000000,0 days 04:26:00.000000000,0 days 17:57:00.000000000
2018-06-26,Gujarat,Amreli,30.8,-5.0,27.0,1.0,,81.0,78.0,0 days 19:31:00.000000000,0 days 06:05:00.000000000,0 days 04:34:00.000000000,0 days 18:03:00.000000000
2018-06-26,Gujarat,Anand,33.8,-1.0,24.8,-2.0,74.3,90.0,100.0,0 days 19:25:00.000000000,0 days 05:55:00.000000000,0 days 04:24:00.000000000,0 days 17:53:00.000000000
2018-06-26,Gujarat,Aravalli,,,,,,,,0 days 19:29:00.000000000,0 days 05:53:00.000000000,0 days 04:23:00.000000000,0 days 17:57:00.000000000
2018-06-26,Gujarat,Banas Kantha,39.8,3.0,28.4,2.0,,69.0,38.0,0 days 19:33:00.000000000,0 days 05:55:00.000000000,0 days 04:26:00.000000000,0 days 18:01:00.000000000
2018-06-26,Gujarat,Bharuch,28.0,-5.0,27.2,1.0,17.5,86.0,94.0,0 days 19:24:00.000000000,0 days 06:00:00.000000000,0 days 04:28:00.000000000,0 days 17:53:00.000000000
2018-06-26,Gujarat,Bhavnagar,29.3,-7.0,27.0,0.0,3.5,86.0,88.0,0 days 19:28:00.000000000,0 days 06:01:00.000000000,0 days 04:29:00.000000000,0 days 17:56:00.000000000
2018-06-26,Gujarat,Botad,30.8,-5.0,27.0,1.0,,81.0,78.0,0 days 19:31:00.000000000,0 days 06:05:00.000000000,0 days 04:34:00.000000000,0 days 18:03:00.000000000
2018-06-26,Gujarat,Chhota Udaipur,33.8,-1.0,24.8,-2.0,74.3,90.0,100.0,0 days 19:25:00.000000000,0 days 05:55:00.000000000,0 days 04:24:00.000000000,0 days 17:53:00.000000000
2018-06-26,Gujarat,Dahod,,,,,,,,0 days 19:23:00.000000000,0 days 05:47:00.000000000,0 days 03:36:00.000000000,0 days 16:58:00.000000000
2018-06-26,Gujarat,Devbhumi Dwarka,32.8,-0.5,28.7,0.5,,81.0,73.0,0 days 19:43:00.000000000,0 days 06:11:30.000000000,0 days 04:41:00.000000000,0 days 18:11:30.000000000
2018-06-26,Gujarat,Gandhinagar,37.3,1.0,25.4,-2.0,1.1,83.0,73.0,0 days 19:29:00.000000000,0 days 05:56:00.000000000,0 days 04:26:00.000000000,0 days 17:57:00.000000000
2018-06-26,Gujarat,Gir Somnath,29.7,-2.0,27.7,1.0,0.1,85.0,83.0,0 days 19:33:00.000000000,0 days 06:10:00.000000000,0 days 04:38:00.000000000,0 days 18:03:00.000000000
2018-06-26,Gujarat,Jamnagar,,,27.9,2.0,,69.0,,0 days 19:34:00.000000000,0 days 06:05:00.000000000,0 days 04:34:00.000000000,0 days 18:03:00.000000000
2018-06-26,Gujarat,Junagadh,30.6,-2.0,27.5,4.0,,83.0,86.0,0 days 19:31:00.000000000,0 days 06:08:00.000000000,0 days 04:36:00.000000000,0 days 18:00:00.000000000
2018-06-26,Gujarat,Kachchh,36.2,0.0,28.4,1.0,,74.0,52.0,0 days 19:32:40.000000000,0 days 05:57:40.000000000,0 days 04:27:40.000000000,0 days 18:01:00.000000000
2018-06-26,Gujarat,Kheda,37.3,1.0,25.4,-2.0,1.1,83.0,73.0,0 days 19:29:00.000000000,0 days 05:56:00.000000000,0 days 04:26:00.000000000,0 days 17:57:00.000000000
2018-06-26,Gujarat,Mahesana,37.3,1.0,25.4,-2.0,1.1,83.0,73.0,0 days 19:29:00.000000000,0 days 05:56:00.000000000,0 days 04:26:00.000000000,0 days 17:57:00.000000000
2018-06-26,Gujarat,Mahisagar,,,,,,,,0 days 19:23:00.000000000,0 days 05:47:00.000000000,0 days 03:36:00.000000000,0 days 16:58:00.000000000
2018-06-26,Gujarat,Morbi,,,27.9,2.0,,69.0,,0 days 19:34:00.000000000,0 days 06:05:00.000000000,0 days 04:34:00.000000000,0 days 18:03:00.000000000
2018-06-26,Gujarat,Narmada,33.8,-1.0,24.8,-2.0,74.3,90.0,100.0,0 days 19:25:00.000000000,0 days 05:55:00.000000000,0 days 04:24:00.000000000,0 days 17:53:00.000000000
2018-06-26,Gujarat,Navsari,28.0,-5.0,27.2,1.0,17.5,86.0,94.0,0 days 19:24:00.000000000,0 days 06:00:00.000000000,0 days 04:28:00.000000000,0 days 17:53:00.000000000
2018-06-26,Gujarat,Panch Mahals,33.8,-1.0,24.8,-2.0,74.3,90.0,100.0,0 days 19:25:00.000000000,0 days 05:55:00.000000000,0 days 04:24:00.000000000,0 days 17:53:00.000000000
2018-06-26,Gujarat,Patan,39.8,3.0,28.4,2.0,,69.0,38.0,0 days 19:33:00.000000000,0 days 05:55:00.000000000,0 days 04:26:00.000000000,0 days 18:01:00.000000000
2018-06-26,Gujarat,Porbandar,34.3,2.0,28.3,0.0,0.2,77.0,73.0,0 days 19:38:00.000000000,0 days 06:11:00.000000000,0 days 04:40:00.000000000,0 days 18:07:00.000000000
2018-06-26,Gujarat,Rajkot,,,27.9,2.0,,69.0,,0 days 19:34:00.000000000,0 days 06:05:00.000000000,0 days 04:34:00.000000000,0 days 18:03:00.000000000
2018-06-26,Gujarat,Sabar Kantha,,,,,,,,0 days 19:29:00.000000000,0 days 05:53:00.000000000,0 days 04:23:00.000000000,0 days 17:57:00.000000000
2018-06-26,Gujarat,Surat,28.0,-5.0,27.2,1.0,17.5,86.0,94.0,0 days 19:24:00.000000000,0 days 06:00:00.000000000,0 days 04:28:00.000000000,0 days 17:53:00.000000000
2018-06-26,Gujarat,Surendranagar,,,27.9,2.0,,69.0,,0 days 19:34:00.000000000,0 days 06:05:00.000000000,0 days 04:34:00.000000000,0 days 18:03:00.000000000
2018-06-26,Gujarat,Tapi,28.0,-5.0,27.2,1.0,17.5,86.0,94.0,0 days 19:24:00.000000000,0 days 06:00:00.000000000,0 days 04:28:00.000000000,0 days 17:53:00.000000000
2018-06-26,Gujarat,The Dangs,26.1,-5.0,21.0,-1.0,48.6,90.0,97.0,0 days 19:18:00.000000000,0 days 05:58:00.000000000,0 days 04:25:00.000000000,0 days 17:47:00.000000000
2018-06-26,Gujarat,Vadodara,33.8,-1.0,24.8,-2.0,74.3,90.0,100.0,0 days 19:25:00.000000000,0 days 05:55:00.000000000,0 days 04:24:00.000000000,0 days 17:53:00.000000000
2018-06-26,Gujarat,Valsad,27.5,-4.0,26.9,1.0,146.1,88.0,90.0,,,,
2018-06-26,Haryana,Ambala,41.2,5.0,22.5,-3.0,27.9,85.0,35.0,0 days 19:29:00.000000000,0 days 05:23:00.000000000,0 days 03:57:00.000000000,0 days 17:54:00.000000000
2018-06-26,Haryana,Bhiwani,42.7,,28.8,,,68.0,62.0,0 days 19:27:00.000000000,0 days 05:29:00.000000000,0 days 04:02:00.000000000,0 days 17:53:00.000000000
2018-06-26,Haryana,Faridabad,42.7,,30.7,,,70.0,40.0,0 days 19:22:00.000000000,0 days 05:26:00.000000000,0 days 03:59:00.000000000,0 days 17:48:00.000000000
2018-06-26,Haryana,Fatehabad,38.5,4.0,27.9,2.0,,67.0,52.0,0 days 18:54:00.000000000,0 days 05:05:00.000000000,0 days 04:18:00.000000000,0 days 18:11:00.000000000
2018-06-26,Haryana,Gurgaon,42.7,,30.7,,,70.0,40.0,0 days 19:23:00.000000000,0 days 05:27:00.000000000,0 days 03:59:00.000000000,0 days 17:49:00.000000000
2018-06-26,Haryana,Hisar,43.7,4.0,28.0,0.0,,58.0,34.0,0 days 19:30:00.000000000,0 days 05:30:00.000000000,0 days 04:04:00.000000000,0 days 17:56:00.000000000
2018-06-26,Haryana,Jhajjar,42.5,4.0,28.5,1.0,,58.0,31.0,0 days 19:26:00.000000000,0 days 05:27:00.000000000,0 days 04:00:00.000000000,0 days 17:51:00.000000000
2018-06-26,Haryana,Jind,42.5,4.0,28.5,1.0,,58.0,31.0,0 days 19:26:00.000000000,0 days 05:27:00.000000000,0 days 04:00:00.000000000,0 days 17:51:00.000000000
2018-06-26,Haryana,Kaithal,41.4,4.0,24.0,-3.0,35.3,92.0,33.0,0 days 19:29:00.000000000,0 days 05:23:00.000000000,0 days 03:57:00.000000000,0 days 17:54:00.000000000
2018-06-26,Haryana,Karnal,40.0,4.0,24.0,-2.0,35.0,77.0,34.0,0 days 19:26:00.000000000,0 days 05:24:00.000000000,0 days 03:57:00.000000000,0 days 17:51:00.000000000
2018-06-26,Haryana,Kurukshetra,40.0,,24.0,,,85.0,34.0,0 days 19:27:00.000000000,0 days 05:24:00.000000000,0 days 03:57:00.000000000,0 days 17:52:00.000000000
2018-06-26,Haryana,Mahendragarh,41.0,1.0,25.5,0.0,,74.0,55.0,0 days 19:26:00.000000000,0 days 05:31:00.000000000,0 days 03:59:00.000000000,0 days 17:49:00.000000000
2018-06-26,Haryana,Mewat,42.7,,30.7,,,70.0,40.0,0 days 19:23:00.000000000,0 days 05:27:00.000000000,0 days 03:59:00.000000000,0 days 17:49:00.000000000
2018-06-26,Haryana,Palwal,42.7,,30.7,,,70.0,40.0,0 days 19:22:00.000000000,0 days 05:26:00.000000000,0 days 03:59:00.000000000,0 days 17:48:00.000000000
2018-06-26,Haryana,Panchkula,39.8,3.0,25.3,1.0,1.4,81.0,32.0,0 days 19:28:00.000000000,0 days 05:23:00.000000000,0 days 03:56:00.000000000,0 days 17:52:00.000000000
2018-06-26,Haryana,Panipat,40.0,4.0,24.0,-2.0,35.0,77.0,34.0,0 days 19:26:00.000000000,0 days 05:24:00.000000000,0 days 03:57:00.000000000,0 days 17:51:00.000000000
2018-06-26,Haryana,Rewari,41.0,1.0,25.5,0.0,,74.0,55.0,0 days 19:26:00.000000000,0 days 05:31:00.000000000,0 days 03:59:00.000000000,0 days 17:49:00.000000000
2018-06-26,Haryana,Rohtak,42.5,4.0,28.5,1.0,,58.0,31.0,0 days 19:26:00.000000000,0 days 05:27:00.000000000,0 days 04:00:00.000000000,0 days 17:51:00.000000000
2018-06-26,Haryana,Sirsa,42.1,,28.6,,,58.0,34.0,0 days 19:33:00.000000000,0 days 05:32:00.000000000,0 days 04:05:00.000000000,0 days 17:59:00.000000000
2018-06-26,Haryana,Sonipat,42.1,5.0,29.8,2.0,,,,0 days 19:23:00.000000000,0 days 05:25:00.000000000,0 days 04:40:00.000000000,0 days 17:48:00.000000000
2018-06-26,Haryana,Yamunanagar,34.7,3.0,18.1,-5.0,1.0,70.0,,0 days 19:34:00.000000000,0 days 05:20:00.000000000,0 days 03:54:00.000000000,0 days 17:54:00.000000000
2018-06-26,Himachal Pradesh,Bilaspur,39.05,4.0,24.5,0.5,14.5,70.0,44.0,0 days 19:10:30.000000000,0 days 05:21:30.000000000,0 days 03:52:00.000000000,0 days 17:36:00.000000000
2018-06-26,Himachal Pradesh,Chamba,37.4,-1.0,17.3,-5.0,26.0,98.0,31.0,0 days 19:30:00.000000000,0 days 05:27:00.000000000,0 days 03:59:00.000000000,0 days 17:59:00.000000000
2018-06-26,Himachal Pradesh,Hamirpur,37.5,1.0,24.7,2.0,,69.0,35.0,0 days 19:33:00.000000000,0 days 05:24:00.000000000,0 days 03:57:00.000000000,0 days 17:57:00.000000000
2018-06-26,Himachal Pradesh,Kangra,32.4,2.0,21.8,1.0,,53.0,51.0,0 days 19:29:00.000000000,0 days 05:25:00.000000000,0 days 03:57:00.000000000,0 days 17:57:00.000000000
2018-06-26,Himachal Pradesh,Kinnaur,26.0,3.0,12.0,0.0,0.2,63.0,33.0,0 days 19:24:00.000000000,0 days 05:16:00.000000000,0 days 03:48:00.000000000,0 days 17:48:00.000000000
2018-06-26,Himachal Pradesh,Kullu,36.2,3.0,20.6,1.0,,52.0,49.0,0 days 19:27:00.000000000,0 days 05:21:00.000000000,0 days 03:53:00.000000000,0 days 17:51:00.000000000
2018-06-26,Himachal Pradesh,Lahul & Spiti,23.1,-3.0,10.1,-1.0,,79.0,26.0,0 days 19:27:00.000000000,0 days 05:23:00.000000000,0 days 03:55:00.000000000,0 days 17:51:00.000000000
2018-06-26,Himachal Pradesh,Mandi,36.4,3.0,22.5,1.0,,73.0,41.0,0 days 19:31:00.000000000,0 days 05:22:00.000000000,0 days 03:55:00.000000000,0 days 17:55:00.000000000
2018-06-26,Himachal Pradesh,Shimla,27.1,4.0,18.7,-2.0,,70.0,50.0,0 days 19:29:00.000000000,0 days 05:20:00.000000000,0 days 03:53:00.000000000,0 days 17:53:00.000000000
2018-06-26,Himachal Pradesh,Sirmaur,34.7,3.0,18.1,-5.0,1.0,70.0,,0 days 19:34:00.000000000,0 days 05:20:00.000000000,0 days 03:54:00.000000000,0 days 17:54:00.000000000
2018-06-26,Himachal Pradesh,Solan,32.5,1.0,21.6,1.0,,74.0,40.0,0 days 19:29:00.000000000,0 days 05:21:00.000000000,0 days 03:54:00.000000000,0 days 17:54:00.000000000
2018-06-26,Himachal Pradesh,Una,41.4,4.0,25.7,4.0,2.2,72.0,44.0,0 days 19:32:00.000000000,0 days 05:24:00.000000000,0 days 03:56:00.000000000,0 days 17:56:00.000000000
2018-06-26,Jammu and Kashmir,Anantnag,25.5,-1.0,11.1,-2.0,,60.5,28.0,0 days 19:39:00.000000000,0 days 05:16:00.000000000,0 days 04:34:00.000000000,0 days 18:02:30.000000000
2018-06-26,Jammu and Kashmir,Badgam,30.9,0.0,16.5,-1.0,,61.0,33.0,0 days 19:47:00.000000000,0 days 05:23:00.000000000,0 days 04:41:00.000000000,0 days 18:10:00.000000000
2018-06-26,Jammu and Kashmir,Bandipore,30.9,0.0,16.5,-1.0,,61.0,33.0,0 days 19:47:00.000000000,0 days 05:23:00.000000000,0 days 04:41:00.000000000,0 days 18:10:00.000000000
2018-06-26,Jammu and Kashmir,Baramulla,18.2,-2.0,9.4,-2.0,0.8,73.0,55.0,0 days 19:48:00.000000000,0 days 05:24:00.000000000,0 days 04:42:00.000000000,0 days 18:11:00.000000000
2018-06-26,Jammu and Kashmir,Doda,30.7,2.0,16.0,-2.0,15.0,50.0,74.0,0 days 19:42:00.000000000,0 days 05:22:00.000000000,0 days 04:41:00.000000000,0 days 18:05:00.000000000
2018-06-26,Jammu and Kashmir,Ganderbal,30.9,0.0,16.5,-1.0,,61.0,33.0,0 days 19:47:00.000000000,0 days 05:23:00.000000000,0 days 04:41:00.000000000,0 days 18:10:00.000000000
2018-06-26,Jammu and Kashmir,Jammu,41.5,4.0,28.8,2.0,,27.0,17.0,0 days 19:43:00.000000000,0 days 05:27:00.000000000,0 days 04:45:00.000000000,0 days 18:07:00.000000000
2018-06-26,Jammu and Kashmir,Kargil,25.5,-1.0,9.7,-1.0,3.6,69.0,71.0,0 days 19:44:00.000000000,0 days 05:20:00.000000000,0 days 04:38:00.000000000,0 days 18:07:00.000000000
2018-06-26,Jammu and Kashmir,Kathua,29.0,-3.0,13.5,-3.0,,71.0,62.0,0 days 19:40:00.000000000,0 days 05:23:00.000000000,0 days 04:41:00.000000000,0 days 18:56:00.000000000
2018-06-26,Jammu and Kashmir,Kishtwar,25.5,-1.0,9.7,-1.0,3.6,69.0,71.0,0 days 19:44:00.000000000,0 days 05:20:00.000000000,0 days 04:38:00.000000000,0 days 18:07:00.000000000
2018-06-26,Jammu and Kashmir,Kulgam,27.2,-2.0,12.8,-3.0,,55.0,36.0,0 days 19:43:00.000000000,0 days 05:22:00.000000000,0 days 04:41:00.000000000,0 days 18:07:00.000000000
2018-06-26,Jammu and Kashmir,Kupwara,31.1,1.0,14.2,-1.0,,70.0,46.0,0 days 19:49:00.000000000,0 days 05:23:00.000000000,0 days 04:42:00.000000000,0 days 18:12:00.000000000
2018-06-26,Jammu and Kashmir,Leh (Ladakh),24.4,,9.0,,,65.0,24.0,0 days 19:36:00.000000000,0 days 05:11:00.000000000,0 days 04:29:00.000000000,0 days 17:59:00.000000000
2018-06-26,Jammu and Kashmir,Poonch,18.2,-2.0,9.4,-2.0,0.8,73.0,55.0,0 days 19:48:00.000000000,0 days 05:24:00.000000000,0 days 04:42:00.000000000,0 days 18:11:00.000000000
2018-06-26,Jammu and Kashmir,Pulwama,25.5,-1.0,9.7,-1.0,3.6,69.0,71.0,0 days 19:44:00.000000000,0 days 05:20:00.000000000,0 days 04:38:00.000000000,0 days 18:07:00.000000000
2018-06-26,Jammu and Kashmir,Rajouri,37.2,3.0,24.0,1.0,,45.0,28.0,0 days 19:43:00.000000000,0 days 05:26:00.000000000,0 days 04:44:00.000000000,0 days 18:07:00.000000000
2018-06-26,Jammu and Kashmir,Ramban,30.6,1.0,13.2,-3.0,,60.0,36.0,0 days 19:43:00.000000000,0 days 05:22:00.000000000,0 days 04:40:00.000000000,0 days 18:06:00.000000000
2018-06-26,Jammu and Kashmir,Reasi,37.2,3.0,24.0,1.0,,45.0,28.0,0 days 19:43:00.000000000,0 days 05:26:00.000000000,0 days 04:44:00.000000000,0 days 18:07:00.000000000
2018-06-26,Jammu and Kashmir,Samba,41.5,4.0,28.8,2.0,,27.0,17.0,0 days 19:43:00.000000000,0 days 05:27:00.000000000,0 days 04:45:00.000000000,0 days 18:07:00.000000000
2018-06-26,Jammu and Kashmir,Shupiyan,30.9,0.0,16.5,-1.0,,61.0,33.0,0 days 19:47:00.000000000,0 days 05:23:00.000000000,0 days 04:41:00.000000000,0 days 18:10:00.000000000
2018-06-26,Jammu and Kashmir,Srinagar,30.9,0.0,16.5,-1.0,,61.0,33.0,0 days 19:47:00.000000000,0 days 05:23:00.000000000,0 days 04:41:00.000000000,0 days 18:10:00.000000000
2018-06-26,Jammu and Kashmir,Udhampur,37.2,3.0,24.0,1.0,,45.0,28.0,0 days 19:43:00.000000000,0 days 05:26:00.000000000,0 days 04:44:00.000000000,0 days 18:07:00.000000000
2018-06-26,Jharkhand,Bokaro,34.5,-1.0,23.6,1.0,11.0,92.0,83.0,0 days 18:37:00.000000000,0 days 05:01:00.000000000,0 days 04:13:00.000000000,0 days 17:03:00.000000000
2018-06-26,Jharkhand,Chatra,40.6,5.0,25.0,-1.0,20.2,80.0,89.0,0 days 18:43:00.000000000,0 days 05:03:00.000000000,0 days 04:16:00.000000000,0 days 17:09:00.000000000
2018-06-26,Jharkhand,Deoghar,,,,,,,,0 days 18:35:00.000000000,0 days 04:57:00.000000000,0 days 04:09:00.000000000,0 days 17:01:00.000000000
2018-06-26,Jharkhand,Dhanbad,34.5,-1.0,23.6,1.0,11.0,92.0,83.0,0 days 18:37:00.000000000,0 days 05:01:00.000000000,0 days 04:13:00.000000000,0 days 17:03:00.000000000
2018-06-26,Jharkhand,Dumka,29.4,-4.0,24.7,0.0,,,,0 days 18:33:00.000000000,0 days 04:55:00.000000000,0 days 04:07:00.000000000,0 days 16:59:00.000000000
2018-06-26,Jharkhand,Garhwa,38.6,4.0,23.5,-3.0,12.3,87.0,98.0,0 days 18:45:00.000000000,0 days 05:08:00.000000000,0 days 04:20:00.000000000,0 days 17:11:00.000000000
2018-06-26,Jharkhand,Giridih,31.7,1.0,24.5,1.0,2.0,,,0 days 18:36:00.000000000,0 days 04:59:00.000000000,0 days 04:11:00.000000000,0 days 17:02:00.000000000
2018-06-26,Jharkhand,Godda,29.4,-4.0,24.7,0.0,,,,0 days 18:33:00.000000000,0 days 04:55:00.000000000,0 days 04:07:00.000000000,0 days 16:59:00.000000000
2018-06-26,Jharkhand,Gumla,34.0,3.0,21.5,-1.0,17.4,97.0,95.0,0 days 18:38:00.000000000,0 days 05:06:00.000000000,0 days 04:17:00.000000000,0 days 17:05:00.000000000
2018-06-26,Jharkhand,Hazaribagh,34.5,-1.0,23.6,1.0,11.0,92.0,83.0,0 days 18:37:00.000000000,0 days 05:01:00.000000000,0 days 04:13:00.000000000,0 days 17:03:00.000000000
2018-06-26,Jharkhand,Jamtara,28.8,,24.0,,20.2,87.0,83.0,0 days 18:33:00.000000000,0 days 04:57:00.000000000,0 days 03:26:00.000000000,0 days 16:59:00.000000000
2018-06-26,Jharkhand,Khunti,34.0,3.0,21.5,-1.0,17.4,97.0,95.0,0 days 18:38:00.000000000,0 days 05:06:00.000000000,0 days 04:17:00.000000000,0 days 17:05:00.000000000
2018-06-26,Jharkhand,Kodarma,,,,,,,,,,,
2018-06-26,Jharkhand,Latehar,38.6,4.0,23.5,-3.0,12.3,87.0,98.0,0 days 18:45:00.000000000,0 days 05:08:00.000000000,0 days 04:20:00.000000000,0 days 17:11:00.000000000
2018-06-26,Jharkhand,Lohardaga,34.0,3.0,21.5,-1.0,17.4,97.0,95.0,0 days 18:38:00.000000000,0 days 05:06:00.000000000,0 days 04:17:00.000000000,0 days 17:05:00.000000000
2018-06-26,Jharkhand,Pakur,29.4,-4.0,24.7,0.0,,,,0 days 18:33:00.000000000,0 days 04:55:00.000000000,0 days 04:07:00.000000000,0 days 16:59:00.000000000
2018-06-26,Jharkhand,Palamu,38.6,4.0,23.5,-3.0,12.3,87.0,98.0,0 days 18:45:00.000000000,0 days 05:08:00.000000000,0 days 04:20:00.000000000,0 days 17:11:00.000000000
2018-06-26,Jharkhand,Pashchimi Singhbhum,32.8,1.0,21.6,-3.0,34.1,90.0,67.0,0 days 18:35:00.000000000,0 days 05:04:00.000000000,0 days 04:16:00.000000000,0 days 17:02:00.000000000
2018-06-26,Jharkhand,Purbi Singhbhum,30.9,-2.0,23.9,-1.0,23.0,96.0,86.0,0 days 18:33:00.000000000,0 days 05:03:00.000000000,0 days 04:15:00.000000000,0 days 17:00:00.000000000
2018-06-26,Jharkhand,Ramgarh,34.0,3.0,21.5,-1.0,17.4,97.0,95.0,0 days 18:38:00.000000000,0 days 05:06:00.000000000,0 days 04:17:00.000000000,0 days 17:05:00.000000000
2018-06-26,Jharkhand,Ranchi,34.0,3.0,21.5,-1.0,17.4,97.0,95.0,0 days 18:38:00.000000000,0 days 05:06:00.000000000,0 days 04:17:00.000000000,0 days 17:05:00.000000000
2018-06-26,Jharkhand,Sahibganj,31.8,-2.0,26.2,0.0,18.2,85.0,76.0,0 days 18:31:00.000000000,0 days 04:50:00.000000000,0 days 03:19:00.000000000,0 days 16:56:00.000000000
2018-06-26,Jharkhand,Saraikela-kharsawan,30.9,-2.0,23.9,-1.0,23.0,96.0,86.0,0 days 18:33:00.000000000,0 days 05:03:00.000000000,0 days 04:15:00.000000000,0 days 17:00:00.000000000
2018-06-26,Jharkhand,Simdega,37.7,5.0,25.6,1.0,8.4,87.0,52.0,,,,
2018-06-26,Karnataka,Bagalkot,31.2,-1.0,21.5,-1.0,0.6,80.0,,0 days 19:04:00.000000000,0 days 05:56:00.000000000,0 days 05:07:00.000000000,0 days 18:25:00.000000000
2018-06-26,Karnataka,Bangalore Rural,28.1,-1.0,20.2,0.0,,84.0,59.0,0 days 18:49:00.000000000,0 days 05:56:00.000000000,0 days 05:06:00.000000000,0 days 18:11:00.000000000
2018-06-26,Karnataka,Bangalore,28.1,-1.0,20.2,0.0,,84.0,59.0,0 days 18:49:00.000000000,0 days 05:56:00.000000000,0 days 05:06:00.000000000,0 days 18:11:00.000000000
2018-06-26,Karnataka,Belgaum,26.3,-1.0,20.9,0.0,4.7,90.0,90.0,0 days 19:06:00.000000000,0 days 06:03:00.000000000,0 days 05:14:00.000000000,0 days 18:27:00.000000000
2018-06-26,Karnataka,Bellary,35.0,1.0,24.0,1.0,,80.0,80.0,0 days 18:56:00.000000000,0 days 05:55:00.000000000,0 days 05:05:00.000000000,0 days 18:17:00.000000000
2018-06-26,Karnataka,Bidar,32.4,,19.8,,2.0,92.0,75.0,,,,
2018-06-26,Karnataka,Bijapur,31.2,-1.0,21.5,-1.0,0.6,80.0,,0 days 19:04:00.000000000,0 days 05:56:00.000000000,0 days 05:07:00.000000000,0 days 18:25:00.000000000
2018-06-26,Karnataka,Chamrajnagar,22.5,0.0,15.7,1.0,1.8,72.0,90.0,0 days 18:50:00.000000000,0 days 06:01:00.000000000,0 days 04:25:00.000000000,0 days 07:22:00.000000000
2018-06-26,Karnataka,Chikballapura,28.1,-1.0,20.2,0.0,,84.0,59.0,0 days 18:49:00.000000000,0 days 05:56:00.000000000,0 days 05:06:00.000000000,0 days 18:11:00.000000000
2018-06-26,Karnataka,Chikmagalur,22.0,-2.0,15.4,-3.0,73.4,100.0,100.0,0 days 19:00:00.000000000,0 days 06:05:00.000000000,0 days 05:15:00.000000000,0 days 18:22:00.000000000
2018-06-26,Karnataka,Chitradurga,27.8,-1.0,,,,85.0,70.0,0 days 18:56:00.000000000,0 days 05:58:00.000000000,0 days 05:08:00.000000000,0 days 18:17:00.000000000
2018-06-26,Karnataka,Dakshina Kannada,28.5,0.0,21.5,-3.0,65.5,95.0,98.0,0 days 19:00:00.000000000,0 days 06:07:00.000000000,0 days 05:17:00.000000000,0 days 18:22:00.000000000
2018-06-26,Karnataka,Davanagere,27.8,-1.0,,,,85.0,70.0,0 days 18:56:00.000000000,0 days 05:58:00.000000000,0 days 05:08:00.000000000,0 days 18:17:00.000000000
2018-06-26,Karnataka,Dharwad,29.2,0.0,21.8,1.0,0.7,90.0,85.0,0 days 19:02:00.000000000,0 days 05:59:00.000000000,0 days 05:10:00.000000000,0 days 18:23:00.000000000
2018-06-26,Karnataka,Gadag,29.2,0.0,21.8,1.0,0.7,90.0,85.0,0 days 19:02:00.000000000,0 days 05:59:00.000000000,0 days 05:10:00.000000000,0 days 18:23:00.000000000
2018-06-26,Karnataka,Gulbarga,33.2,-1.0,22.2,-1.0,,80.0,45.0,0 days 19:00:00.000000000,0 days 05:51:00.000000000,0 days 05:02:00.000000000,0 days 18:21:00.000000000
2018-06-26,Karnataka,Hassan,30.6,5.0,18.4,0.0,,85.0,,0 days 18:54:00.000000000,0 days 06:01:00.000000000,0 days 05:25:00.000000000,0 days 18:16:00.000000000
2018-06-26,Karnataka,Haveri,29.2,0.0,21.8,1.0,0.7,90.0,85.0,0 days 19:02:00.000000000,0 days 05:59:00.000000000,0 days 05:10:00.000000000,0 days 18:23:00.000000000
2018-06-26,Karnataka,Kodagu,22.1,-1.0,16.8,0.0,6.4,100.0,100.0,0 days 18:55:00.000000000,0 days 06:04:00.000000000,0 days 05:14:00.000000000,0 days 18:17:00.000000000
2018-06-26,Karnataka,Kolar,28.1,-1.0,20.2,0.0,,84.0,59.0,0 days 18:49:00.000000000,0 days 05:56:00.000000000,0 days 05:06:00.000000000,0 days 18:11:00.000000000
2018-06-26,Karnataka,Koppal,29.2,0.0,21.8,1.0,0.7,90.0,85.0,0 days 19:02:00.000000000,0 days 05:59:00.000000000,0 days 05:10:00.000000000,0 days 18:23:00.000000000
2018-06-26,Karnataka,Mandya,30.6,1.0,20.2,0.0,0.1,80.0,65.0,0 days 18:51:00.000000000,0 days 06:00:00.000000000,0 days 05:10:00.000000000,0 days 18:13:00.000000000
2018-06-26,Karnataka,Mysore,29.9,1.0,18.2,-2.0,,80.0,70.0,0 days 18:51:00.000000000,0 days 06:01:00.000000000,0 days 05:11:00.000000000,0 days 18:13:00.000000000
2018-06-26,Karnataka,Raichur,35.0,1.0,24.0,1.0,,80.0,80.0,0 days 18:56:00.000000000,0 days 05:55:00.000000000,0 days 05:05:00.000000000,0 days 18:17:00.000000000
2018-06-26,Karnataka,Ramanagara,28.1,-1.0,20.2,0.0,,84.0,59.0,0 days 18:49:00.000000000,0 days 05:56:00.000000000,0 days 05:06:00.000000000,0 days 18:11:00.000000000
2018-06-26,Karnataka,Shimoga,22.0,-2.0,15.4,-3.0,73.4,100.0,100.0,0 days 19:00:00.000000000,0 days 06:05:00.000000000,0 days 05:15:00.000000000,0 days 18:22:00.000000000
2018-06-26,Karnataka,Tumkur,30.6,1.0,20.2,0.0,0.1,80.0,65.0,0 days 18:51:00.000000000,0 days 06:00:00.000000000,0 days 05:10:00.000000000,0 days 18:13:00.000000000
2018-06-26,Karnataka,Udupi,22.0,-2.0,15.4,-3.0,73.4,100.0,100.0,0 days 19:00:00.000000000,0 days 06:05:00.000000000,0 days 05:15:00.000000000,0 days 18:22:00.000000000
2018-06-26,Karnataka,Uttara Kannada,30.75,-1.0,22.549999999999997,-1.0,101.0,90.0,67.5,0 days 19:02:00.000000000,0 days 05:58:30.000000000,0 days 05:09:30.000000000,0 days 18:23:30.000000000
2018-06-26,Karnataka,Yadgir,33.2,-1.0,22.2,-1.0,,80.0,45.0,0 days 19:00:00.000000000,0 days 05:51:00.000000000,0 days 05:02:00.000000000,0 days 18:21:00.000000000
2018-06-26,Kerala,Alappuzha,31.0,1.0,23.5,0.0,32.6,95.0,87.0,0 days 18:47:00.000000000,0 days 06:07:00.000000000,0 days 04:29:00.000000000,0 days 17:21:00.000000000
2018-06-26,Kerala,Ernakulam,29.6,0.0,22.6,-1.0,33.8,80.0,91.0,0 days 18:49:00.000000000,0 days 06:07:00.000000000,0 days 04:29:00.000000000,0 days 17:22:00.000000000
2018-06-26,Kerala,Idukki,19.0,0.0,12.0,0.0,,64.0,90.0,0 days 18:44:00.000000000,0 days 06:01:00.000000000,0 days 04:23:00.000000000,0 days 17:17:00.000000000
2018-06-26,Kerala,Kannur,29.7,0.0,22.3,-1.0,45.8,96.0,96.0,0 days 18:56:00.000000000,0 days 06:07:00.000000000,0 days 04:30:00.000000000,0 days 17:29:00.000000000
2018-06-26,Kerala,Kasaragod,28.5,0.0,21.5,-3.0,65.5,95.0,98.0,0 days 19:00:00.000000000,0 days 06:07:00.000000000,0 days 05:17:00.000000000,0 days 18:22:00.000000000
2018-06-26,Kerala,Kollam,30.4,-1.0,23.5,1.0,8.6,95.0,98.0,0 days 18:44:00.000000000,0 days 06:06:00.000000000,0 days 04:28:00.000000000,0 days 17:18:00.000000000
2018-06-26,Kerala,Kottayam,30.3,0.0,21.5,-1.0,27.6,91.0,83.0,0 days 18:47:00.000000000,0 days 06:06:00.000000000,0 days 04:28:00.000000000,0 days 17:20:00.000000000
2018-06-26,Kerala,Kozhikode,30.2,1.0,22.6,-2.0,29.3,93.0,97.0,0 days 18:53:00.000000000,0 days 06:06:00.000000000,0 days 04:29:00.000000000,0 days 17:26:00.000000000
2018-06-26,Kerala,Malappuram,30.2,1.0,22.6,-2.0,29.3,93.0,97.0,0 days 18:53:00.000000000,0 days 06:06:00.000000000,0 days 04:29:00.000000000,0 days 17:26:00.000000000
2018-06-26,Kerala,Palakkad,22.5,0.0,15.7,1.0,1.8,72.0,90.0,0 days 18:50:00.000000000,0 days 06:01:00.000000000,0 days 04:25:00.000000000,0 days 07:22:00.000000000
2018-06-26,Kerala,Pathanamthitta,30.4,-1.0,23.5,1.0,8.6,95.0,98.0,0 days 18:44:00.000000000,0 days 06:06:00.000000000,0 days 04:28:00.000000000,0 days 17:18:00.000000000
2018-06-26,Kerala,Thiruvananthapuram,30.4,0.0,24.0,0.0,4.7,92.0,87.0,0 days 18:43:00.000000000,0 days 06:07:00.000000000,0 days 04:28:00.000000000,0 days 17:17:00.000000000
2018-06-26,Kerala,Thrissur,29.6,0.0,22.6,-1.0,33.8,80.0,91.0,0 days 18:49:00.000000000,0 days 06:07:00.000000000,0 days 04:29:00.000000000,0 days 17:22:00.000000000
2018-06-26,Kerala,Wayanad,30.2,1.0,22.6,-2.0,29.3,93.0,97.0,0 days 18:53:00.000000000,0 days 06:06:00.000000000,0 days 04:29:00.000000000,0 days 17:26:00.000000000
2018-06-26,Lakshadweep,Lakshadweep,31.8,1.0,27.600000000000005,1.0,1.3999999999999997,85.0,78.0,0 days 19:06:00.000000000,0 days 06:20:00.000000000,0 days 04:44:00.000000000,0 days 17:39:00.000000000
2018-06-26,Madhya Pradesh,Agar Malwa,,,,,,,,0 days 19:18:00.000000000,0 days 05:39:00.000000000,0 days 04:08:00.000000000,0 days 17:45:00.000000000
2018-06-26,Madhya Pradesh,Alirajpur,,,22.0,,14.2,95.0,,,,,
2018-06-26,Madhya Pradesh,Anuppur,34.6,3.0,24.7,1.0,,77.0,55.0,0 days 18:52:00.000000000,0 days 05:22:00.000000000,0 days 03:50:00.000000000,0 days 17:19:00.000000000
2018-06-26,Madhya Pradesh,Ashoknagar,39.4,,25.7,,2.8,77.0,74.0,,,,
2018-06-26,Madhya Pradesh,Balaghat,36.4,3.0,28.0,3.0,,63.0,56.0,,,,
2018-06-26,Madhya Pradesh,Barwani,33.4,-2.0,25.0,0.0,2.0,82.0,70.0,,,,
2018-06-26,Madhya Pradesh,Betul,32.7,,21.0,,,92.0,55.0,,,,
2018-06-26,Madhya Pradesh,Bhind,43.0,5.0,24.0,-4.0,3.6,70.0,36.0,0 days 19:13:00.000000000,0 days 05:27:00.000000000,0 days 03:57:00.000000000,0 days 14:40:00.000000000
2018-06-26,Madhya Pradesh,Bhopal,35.5,2.0,24.6,1.0,0.2,77.0,67.0,0 days 19:11:00.000000000,0 days 05:37:00.000000000,0 days 04:50:00.000000000,0 days 18:29:00.000000000
2018-06-26,Madhya Pradesh,Burhanpur,35.5,,23.0,,,83.0,48.0,,,,
2018-06-26,Madhya Pradesh,Chhatarpur,43.6,7.0,27.0,0.0,4.0,51.0,56.0,,,,
2018-06-26,Madhya Pradesh,Chhindwara,,,17.0,-4.0,,100.0,,,,,
2018-06-26,Madhya Pradesh,Damoh,37.2,,23.0,,,79.0,53.0,,,,
2018-06-26,Madhya Pradesh,Datia,41.2,3.0,27.0,1.0,1.0,66.0,53.0,0 days 19:10:00.000000000,0 days 05:27:00.000000000,0 days 04:41:00.000000000,0 days 18:28:00.000000000
2018-06-26,Madhya Pradesh,Dewas,35.5,,24.0,,,87.0,63.0,,,,
2018-06-26,Madhya Pradesh,Dhar,,,22.0,,14.2,95.0,,,,,
2018-06-26,Madhya Pradesh,Dindori,34.6,3.0,24.7,1.0,,77.0,55.0,0 days 18:52:00.000000000,0 days 05:22:00.000000000,0 days 03:50:00.000000000,0 days 17:19:00.000000000
2018-06-26,Madhya Pradesh,East Nimar,35.5,,23.0,,,83.0,48.0,,,,
2018-06-26,Madhya Pradesh,Guna,39.4,,25.7,,2.8,77.0,74.0,,,,
2018-06-26,Madhya Pradesh,Gwalior,43.0,5.0,24.0,-4.0,3.6,70.0,36.0,0 days 19:13:00.000000000,0 days 05:27:00.000000000,0 days 03:57:00.000000000,0 days 14:40:00.000000000
2018-06-26,Madhya Pradesh,Harda,32.7,,21.0,,,92.0,55.0,,,,
2018-06-26,Madhya Pradesh,Hoshangabad,,,17.0,-4.0,,100.0,,,,,
2018-06-26,Madhya Pradesh,Indore,32.4,0.0,23.2,0.0,8.6,93.0,83.0,0 days 19:16:00.000000000,0 days 05:44:00.000000000,0 days 04:13:00.000000000,0 days 17:44:00.000000000
2018-06-26,Madhya Pradesh,Jabalpur,38.6,4.0,27.9,3.0,,75.0,55.0,0 days 19:00:00.000000000,0 days 05:27:00.000000000,0 days 04:39:00.000000000,0 days 18:18:00.000000000
2018-06-26,Madhya Pradesh,Jhabua,,,22.0,,14.2,95.0,,,,,
2018-06-26,Madhya Pradesh,Katni,38.6,4.0,27.9,3.0,,75.0,55.0,0 days 19:00:00.000000000,0 days 05:27:00.000000000,0 days 04:39:00.000000000,0 days 18:18:00.000000000
2018-06-26,Madhya Pradesh,Mandla,,,24.0,,,63.0,,,,,
2018-06-26,Madhya Pradesh,Mandsaur,,,,,,,,0 days 19:18:00.000000000,0 days 05:39:00.000000000,0 days 04:08:00.000000000,0 days 17:45:00.000000000
2018-06-26,Madhya Pradesh,Morena,,,,,,,,0 days 19:16:00.000000000,0 days 05:27:00.000000000,0 days 03:18:00.000000000,0 days 16:48:00.000000000
2018-06-26,Madhya Pradesh,Narsimhapur,,,17.0,-4.0,,100.0,,,,,
2018-06-26,Madhya Pradesh,Neemuch,38.2,2.0,24.5,0.0,4.5,95.0,71.0,0 days 19:25:00.000000000,0 days 05:46:00.000000000,0 days 03:35:00.000000000,0 days 17:00:00.000000000
2018-06-26,Madhya Pradesh,Panna,43.6,7.0,27.0,0.0,4.0,51.0,56.0,,,,
2018-06-26,Madhya Pradesh,Raisen,35.5,2.0,24.6,1.0,0.2,77.0,67.0,0 days 19:11:00.000000000,0 days 05:37:00.000000000,0 days 04:50:00.000000000,0 days 18:29:00.000000000
2018-06-26,Madhya Pradesh,Rajgarh,,,,,,,,0 days 19:18:00.000000000,0 days 05:39:00.000000000,0 days 04:08:00.000000000,0 days 17:45:00.000000000
2018-06-26,Madhya Pradesh,Ratlam,,,,,,,,0 days 19:23:00.000000000,0 days 05:47:00.000000000,0 days 03:36:00.000000000,0 days 16:58:00.000000000
2018-06-26,Madhya Pradesh,Rewa,40.0,,28.2,,,60.0,36.0,,,,
2018-06-26,Madhya Pradesh,Sagar,37.2,,23.0,,,79.0,53.0,,,,
2018-06-26,Madhya Pradesh,Satna,40.7,,28.8,,,61.0,38.0,,,,
2018-06-26,Madhya Pradesh,Sehore,35.5,2.0,24.6,1.0,0.2,77.0,67.0,0 days 19:11:00.000000000,0 days 05:37:00.000000000,0 days 04:50:00.000000000,0 days 18:29:00.000000000
2018-06-26,Madhya Pradesh,Seoni,34.0,,24.4,,,78.0,58.0,,,,
2018-06-26,Madhya Pradesh,Shahdol,38.5,,28.6,,,64.0,50.0,,,,
2018-06-26,Madhya Pradesh,Shajapur,35.5,,24.0,,,87.0,63.0,,,,
2018-06-26,Madhya Pradesh,Sheopur,,,25.0,-1.0,52.0,90.0,,0 days 19:20:00.000000000,0 days 05:36:00.000000000,0 days 03:26:00.000000000,0 days 16:53:00.000000000
2018-06-26,Madhya Pradesh,Shivpuri,41.0,,24.0,,9.0,70.0,52.0,,,,
2018-06-26,Madhya Pradesh,Sidhi,40.0,,28.2,,,60.0,36.0,,,,
2018-06-26,Madhya Pradesh,Singrauli,40.0,,28.2,,,60.0,36.0,,,,
2018-06-26,Madhya Pradesh,Tikamgarh,41.2,3.0,27.0,1.0,1.0,66.0,53.0,0 days 19:10:00.000000000,0 days 05:27:00.000000000,0 days 04:41:00.000000000,0 days 18:28:00.000000000
2018-06-26,Madhya Pradesh,Ujjain,35.5,,24.0,,,87.0,63.0,,,,
2018-06-26,Madhya Pradesh,Umaria,38.5,,28.6,,,64.0,50.0,,,,
2018-06-26,Madhya Pradesh,Vidisha,35.5,2.0,24.6,1.0,0.2,77.0,67.0,0 days 19:11:00.000000000,0 days 05:37:00.000000000,0 days 04:50:00.000000000,0 days 18:29:00.000000000
2018-06-26,Madhya Pradesh,West Nimar,35.5,,23.0,,,83.0,48.0,,,,
2018-06-26,Maharashtra,Ahmadnagar,,,21.3,-1.0,,82.0,,,,,
2018-06-26,Maharashtra,Akola,34.4,0.0,24.2,-1.0,14.2,81.0,57.0,0 days 19:06:00.000000000,0 days 05:43:00.000000000,0 days 03:29:00.000000000,0 days 16:43:00.000000000
2018-06-26,Maharashtra,Amravati,33.8,1.0,23.0,1.0,15.4,87.0,65.0,,,,
2018-06-26,Maharashtra,Aurangabad,30.5,-2.0,20.7,-2.0,9.2,90.0,86.0,0 days 19:12:00.000000000,0 days 05:52:00.000000000,0 days 04:19:00.000000000,0 days 17:41:00.000000000
2018-06-26,Maharashtra,Bhandara,36.4,3.0,28.0,3.0,,63.0,56.0,,,,
2018-06-26,Maharashtra,Bid,31.2,1.0,,,,,76.0,,,,
2018-06-26,Maharashtra,Buldana,31.6,1.0,22.6,0.0,13.0,88.0,87.0,,,,
2018-06-26,Maharashtra,Chandrapur,37.0,3.0,25.8,1.0,17.0,74.0,48.0,,,,
2018-06-26,Maharashtra,Dhule,30.0,-3.0,22.2,-1.0,42.0,58.0,48.0,,,,
2018-06-26,Maharashtra,Garhchiroli,34.6,1.0,26.2,0.0,,58.0,54.0,0 days 18:53:00.000000000,0 days 05:37:00.000000000,0 days 04:04:00.000000000,0 days 17:22:00.000000000
2018-06-26,Maharashtra,Gondiya,36.4,3.0,28.0,3.0,,63.0,56.0,,,,
2018-06-26,Maharashtra,Hingoli,31.7,-2.0,23.5,0.0,,84.0,61.0,,,,
2018-06-26,Maharashtra,Jalgaon,33.4,-2.0,25.0,0.0,2.0,82.0,70.0,,,,
2018-06-26,Maharashtra,Jalna,31.6,1.0,22.6,0.0,13.0,88.0,87.0,,,,
2018-06-26,Maharashtra,Kolhapur,24.8,-3.0,21.0,-1.0,43.0,97.0,95.0,0 days 19:10:00.000000000,0 days 06:02:00.000000000,0 days 04:28:00.000000000,0 days 17:40:00.000000000
2018-06-26,Maharashtra,Latur,32.4,,19.8,,2.0,92.0,75.0,,,,
2018-06-26,Maharashtra,Mumbai City,31.5,1.0,23.1,1.0,,78.0,69.0,,,,
2018-06-26,Maharashtra,Mumbai Suburban,31.5,1.0,23.1,1.0,,78.0,69.0,,,,
2018-06-26,Maharashtra,Nagpur,35.7,2.0,25.4,1.0,,70.0,50.0,0 days 18:59:00.000000000,0 days 05:34:00.000000000,0 days 03:20:00.000000000,0 days 16:35:00.000000000
2018-06-26,Maharashtra,Nanded,31.0,-3.0,23.0,0.0,3.0,77.0,78.0,,,,
2018-06-26,Maharashtra,Nandurbar,30.0,-3.0,22.2,-1.0,42.0,58.0,48.0,,,,
2018-06-26,Maharashtra,Nashik,30.5,-3.0,22.6,-0.5,22.5,67.5,63.0,,,,
2018-06-26,Maharashtra,Osmanabad,29.0,,15.6,,0.2,77.0,70.0,,,,
2018-06-26,Maharashtra,Palghar,27.5,-4.0,26.9,1.0,146.1,88.0,90.0,,,,
2018-06-26,Maharashtra,Palghar,27.5,-4.0,26.9,1.0,146.1,88.0,90.0,,,,
2018-06-26,Maharashtra,Parbhani,31.7,-2.0,23.5,0.0,,84.0,61.0,,,,
2018-06-26,Maharashtra,Pune,26.6,-3.0,21.9,-1.0,5.9,81.0,90.0,0 days 19:16:00.000000000,0 days 06:00:00.000000000,0 days 05:12:00.000000000,0 days 18:36:00.000000000
2018-06-26,Maharashtra,Raigarh,30.049999999999997,-0.5,26.0,0.0,14.9,86.0,81.0,,,,
2018-06-26,Maharashtra,Ratnagiri,28.35,-1.5,24.5,0.5,5.75,83.0,89.0,0 days 19:16:00.000000000,0 days 06:00:00.000000000,0 days 05:12:00.000000000,0 days 18:36:00.000000000
2018-06-26,Maharashtra,Sangli,26.0,-4.0,20.3,-1.0,4.5,95.0,90.0,,,,
2018-06-26,Maharashtra,Satara,22.8,-1.5,18.700000000000003,-0.5,86.05,97.5,95.0,,,,
2018-06-26,Maharashtra,Sindhudurg,32.3,2.0,24.7,0.0,5.0,83.0,93.0,,,,
2018-06-26,Maharashtra,Solapur,28.8,-2.0,19.7,-2.0,34.9,82.0,83.0,,,,
2018-06-26,Maharashtra,Thane,27.1,,25.0,,87.0,93.0,94.0,,,,
2018-06-26,Maharashtra,Wardha,36.5,3.0,25.5,2.0,,77.0,50.0,,,,
2018-06-26,Maharashtra,Washim,33.8,1.0,23.0,1.0,15.4,87.0,65.0,,,,
2018-06-26,Maharashtra,Yavatmal,33.5,1.0,23.4,0.0,,73.0,55.0,,,,
2018-06-26,Manipur,Bishnupur,29.6,0.0,22.0,0.0,30.4,87.0,72.0,0 days 18:07:00.000000000,0 days 04:27:00.000000000,0 days 02:55:00.000000000,0 days 16:31:00.000000000
2018-06-26,Manipur,Chandel,29.6,0.0,22.0,0.0,30.4,87.0,72.0,0 days 18:07:00.000000000,0 days 04:27:00.000000000,0 days 02:55:00.000000000,0 days 16:31:00.000000000
2018-06-26,Manipur,Churachandpur,29.6,0.0,22.0,0.0,30.4,87.0,72.0,0 days 18:07:00.000000000,0 days 04:27:00.000000000,0 days 02:55:00.000000000,0 days 16:31:00.000000000
2018-06-26,Manipur,Imphal East,29.6,0.0,22.0,0.0,30.4,87.0,72.0,0 days 18:07:00.000000000,0 days 04:27:00.000000000,0 days 02:55:00.000000000,0 days 16:31:00.000000000
2018-06-26,Manipur,Imphal West,29.6,0.0,22.0,0.0,30.4,87.0,72.0,0 days 18:07:00.000000000,0 days 04:27:00.000000000,0 days 02:55:00.000000000,0 days 16:31:00.000000000
2018-06-26,Manipur,Senapati,29.6,0.0,22.0,0.0,30.4,87.0,72.0,0 days 18:07:00.000000000,0 days 04:27:00.000000000,0 days 02:55:00.000000000,0 days 16:31:00.000000000
2018-06-26,Manipur,Tamenglong,29.6,0.0,22.0,0.0,30.4,87.0,72.0,0 days 18:07:00.000000000,0 days 04:27:00.000000000,0 days 02:55:00.000000000,0 days 16:31:00.000000000
2018-06-26,Manipur,Thoubal,29.6,0.0,22.0,0.0,30.4,87.0,72.0,0 days 18:07:00.000000000,0 days 04:27:00.000000000,0 days 02:55:00.000000000,0 days 16:31:00.000000000
2018-06-26,Manipur,Ukhrul,29.6,0.0,22.0,0.0,30.4,87.0,72.0,0 days 18:07:00.000000000,0 days 04:27:00.000000000,0 days 02:55:00.000000000,0 days 16:31:00.000000000
2018-06-26,Meghalaya,East Garo Hills,29.2,,20.0,,,94.0,86.0,,,,
2018-06-26,Meghalaya,East Khasi Hills,21.5,-1.0,17.9,0.0,41.8,100.0,98.0,0 days 18:17:00.000000000,0 days 04:34:00.000000000,0 days 03:03:00.000000000,0 days 16:41:00.000000000
2018-06-26,Meghalaya,Jaintia Hills,24.2,1.0,18.8,1.0,0.8,82.0,88.0,0 days 18:17:00.000000000,0 days 04:33:00.000000000,0 days 03:02:00.000000000,0 days 16:41:00.000000000
2018-06-26,Meghalaya,North Garo Hills,29.2,,20.0,,,94.0,86.0,,,,
2018-06-26,Meghalaya,Ri Bhoi,34.3,2.0,25.0,0.0,6.4,87.0,89.0,0 days 18:18:00.000000000,0 days 04:32:00.000000000,0 days 03:01:00.000000000,0 days 16:42:00.000000000
2018-06-26,Meghalaya,South Garo Hills,29.2,,20.0,,,94.0,86.0,,,,
2018-06-26,Meghalaya,South West Garo Hills,30.5,-1.0,26.0,1.0,8.2,97.0,82.0,0 days 18:25:00.000000000,0 days 04:40:00.000000000,0 days 03:09:00.000000000,0 days 16:50:00.000000000
2018-06-26,Meghalaya,South West Khasi Hills,21.5,-1.0,17.9,0.0,41.8,100.0,98.0,0 days 18:17:00.000000000,0 days 04:34:00.000000000,0 days 03:03:00.000000000,0 days 16:41:00.000000000
2018-06-26,Meghalaya,West Garo Hills,30.5,-1.0,26.0,1.0,8.2,97.0,82.0,0 days 18:25:00.000000000,0 days 04:40:00.000000000,0 days 03:09:00.000000000,0 days 16:50:00.000000000
2018-06-26,Meghalaya,West Khasi Hills,24.2,1.0,18.8,1.0,0.8,82.0,88.0,0 days 18:17:00.000000000,0 days 04:33:00.000000000,0 days 03:02:00.000000000,0 days 16:41:00.000000000
2018-06-26,Mizoram,Aizawl,29.6,,12.1,,1.0,90.0,,0 days 18:09:00.000000000,0 days 04:34:00.000000000,0 days 03:01:00.000000000,0 days 16:34:00.000000000
2018-06-26,Mizoram,Champhai,,,,,,,,,,,
2018-06-26,Mizoram,Kolasib,30.0,,24.0,,1.6,83.0,,0 days 18:10:00.000000000,0 days 04:34:00.000000000,0 days 03:02:00.000000000,0 days 16:35:00.000000000
2018-06-26,Mizoram,Lawangtlai,,,,,,,,,,,
2018-06-26,Mizoram,Lunglei,29.6,,12.1,,1.0,90.0,,0 days 18:09:00.000000000,0 days 04:34:00.000000000,0 days 03:01:00.000000000,0 days 16:34:00.000000000
2018-06-26,Mizoram,Mamit,30.0,,24.0,,1.6,83.0,,0 days 18:10:00.000000000,0 days 04:34:00.000000000,0 days 03:02:00.000000000,0 days 16:35:00.000000000
2018-06-26,Mizoram,Saiha,,,,,,,,,,,
2018-06-26,Mizoram,Serchhip,29.6,,12.1,,1.0,90.0,,0 days 18:09:00.000000000,0 days 04:34:00.000000000,0 days 03:01:00.000000000,0 days 16:34:00.000000000
2018-06-26,Nagaland,Dimapur,,,,,,,,,,,
2018-06-26,Nagaland,Kiphire,,,,,,,,,,,
2018-06-26,Nagaland,Kohima,26.8,,17.4,,31.4,93.0,95.0,0 days 18:08:00.000000000,0 days 04:24:00.000000000,0 days 02:53:00.000000000,0 days 16:32:00.000000000
2018-06-26,Nagaland,Longleng,,,,,,,,,,,
2018-06-26,Nagaland,Mokokchung,,,,,,,,,,,
2018-06-26,Nagaland,Mon,,,,,,,,,,,
2018-06-26,Nagaland,Peren,,,,,,,,,,,
2018-06-26,Nagaland,Phek,26.8,,17.4,,31.4,93.0,95.0,0 days 18:08:00.000000000,0 days 04:24:00.000000000,0 days 02:53:00.000000000,0 days 16:32:00.000000000
2018-06-26,Nagaland,Tuensang,,,,,,,,,,,
2018-06-26,Nagaland,Wokha,,,,,,,,,,,
2018-06-26,Nagaland,Zunheboto,,,,,,,,,,,
2018-06-26,NCT of Delhi,West,42.70000000000001,4.0,29.2,1.0,,50.0,39.0,0 days 19:23:00.000000000,0 days 05:25:00.000000000,0 days 04:40:00.000000000,0 days 17:48:00.000000000
2018-06-26,Odisha,Anugul,33.7,1.0,23.0,-1.0,,84.0,73.0,,,,
2018-06-26,Odisha,Balangir,37.0,2.0,26.0,2.0,,92.0,62.0,,,,
2018-06-26,Odisha,Baleshwar,29.8,-3.0,21.7,-4.0,101.3,87.0,89.0,,,,
2018-06-26,Odisha,Bargarh,37.2,5.0,24.9,0.0,,82.0,55.0,,,,
2018-06-26,Odisha,Bauda,32.0,1.0,24.4,3.0,,74.0,69.0,,,,
2018-06-26,Odisha,Bhadrak,29.4,-4.0,22.0,-3.0,27.6,96.0,92.0,,,,
2018-06-26,Odisha,Cuttack,30.0,-3.0,21.6,-2.0,5.6,98.0,89.0,,,,
2018-06-26,Odisha,Debagarh,33.7,1.0,23.0,-1.0,,84.0,73.0,,,,
2018-06-26,Odisha,Dhenkanal,30.5,-1.0,24.4,0.0,1.0,100.0,99.0,,,,
2018-06-26,Odisha,Gajapati,32.8,0.0,27.9,2.0,,78.0,80.0,0 days 18:33:00.000000000,0 days 05:19:00.000000000,0 days 03:45:00.000000000,0 days 17:02:00.000000000
2018-06-26,Odisha,Ganjam,31.6,0.0,27.8,2.0,,87.0,85.0,,,,
2018-06-26,Odisha,Jagatsinghapur,29.6,-2.0,22.9,-3.0,41.0,96.0,92.0,,,,
2018-06-26,Odisha,Jajapur,29.4,-4.0,22.0,-3.0,27.6,96.0,92.0,,,,
2018-06-26,Odisha,Jharsuguda,37.7,5.0,25.6,1.0,8.4,87.0,52.0,,,,
2018-06-26,Odisha,Kalahandi,35.4,3.0,26.5,3.0,,66.0,52.0,,,,
2018-06-26,Odisha,Kandhamal,32.0,1.0,24.4,3.0,,74.0,69.0,,,,
2018-06-26,Odisha,Kendrapara,29.4,-4.0,22.0,-3.0,27.6,96.0,92.0,,,,
2018-06-26,Odisha,Kendujhar,32.0,1.0,22.2,-2.0,6.7,97.0,71.0,,,,
2018-06-26,Odisha,Khordha,30.7,-2.0,23.0,-3.0,3.6,98.0,89.0,,,,
2018-06-26,Odisha,Koraput,29.6,-3.0,21.6,-4.0,,84.0,69.0,,,,
2018-06-26,Odisha,Malkangiri,33.4,3.0,22.8,0.0,1.1,83.0,58.0,0 days 18:41:00.000000000,0 days 05:29:00.000000000,0 days 03:54:00.000000000,0 days 17:10:00.000000000
2018-06-26,Odisha,Mayurbhanj,29.8,-3.0,21.7,-4.0,101.3,87.0,89.0,,,,
2018-06-26,Odisha,Nabarangapur,33.4,3.0,22.8,0.0,1.1,83.0,58.0,0 days 18:41:00.000000000,0 days 05:29:00.000000000,0 days 03:54:00.000000000,0 days 17:10:00.000000000
2018-06-26,Odisha,Nayagarh,32.0,1.0,24.4,3.0,,74.0,69.0,,,,
2018-06-26,Odisha,Nuapada,37.0,2.0,26.0,2.0,,92.0,62.0,,,,
2018-06-26,Odisha,Puri,31.0,-1.0,23.5,-4.0,11.1,92.0,88.0,,,,
2018-06-26,Odisha,Rayagada,35.4,3.0,26.5,3.0,,66.0,52.0,,,,
2018-06-26,Odisha,Sambalpur,37.2,5.0,24.9,0.0,,82.0,55.0,,,,
2018-06-26,Odisha,Subarnapur,37.2,5.0,24.9,0.0,,82.0,55.0,,,,
2018-06-26,Odisha,Sundargarh,37.7,5.0,25.6,1.0,8.4,87.0,52.0,,,,
2018-06-26,Puducherry,Karaikal,37.2,-1.0,26.6,0.0,,57.0,50.0,0 days 18:36:00.000000000,0 days 05:51:00.000000000,0 days 04:13:00.000000000,0 days 17:08:00.000000000
2018-06-26,Puducherry,Mahe,29.7,0.0,22.3,-1.0,45.8,96.0,96.0,0 days 18:56:00.000000000,0 days 06:07:00.000000000,0 days 04:30:00.000000000,0 days 17:29:00.000000000
2018-06-26,Puducherry,Puducherry,38.3,1.0,25.5,-1.0,,60.0,77.0,0 days 18:38:00.000000000,0 days 05:49:00.000000000,0 days 04:12:00.000000000,0 days 17:10:00.000000000
2018-06-26,Puducherry,Yanam,39.0,5.0,29.1,2.0,,66.0,47.0,0 days 18:38:00.000000000,0 days 05:30:00.000000000,0 days 03:55:00.000000000,0 days 17:07:00.000000000
2018-06-26,Punjab,Amritsar,41.9,4.0,28.2,3.0,,56.0,28.0,0 days 19:39:00.000000000,0 days 05:27:00.000000000,0 days 04:03:00.000000000,0 days 18:04:00.000000000
2018-06-26,Punjab,Barnala,41.1,5.0,28.7,3.0,,60.0,26.0,0 days 19:34:00.000000000,0 days 05:25:00.000000000,0 days 04:00:00.000000000,0 days 17:58:00.000000000
2018-06-26,Punjab,Bathinda,41.0,2.0,25.0,-1.0,,58.0,34.0,0 days 19:36:00.000000000,0 days 05:31:00.000000000,0 days 04:05:00.000000000,0 days 18:01:00.000000000
2018-06-26,Punjab,Faridkot,38.2,,25.0,,,58.0,34.0,0 days 19:38:00.000000000,0 days 05:29:00.000000000,0 days 03:25:00.000000000,0 days 17:09:00.000000000
2018-06-26,Punjab,Fatehgarh Sahib,39.8,3.0,25.3,1.0,1.4,81.0,32.0,0 days 19:28:00.000000000,0 days 05:23:00.000000000,0 days 03:56:00.000000000,0 days 17:52:00.000000000
2018-06-26,Punjab,Fazilka,44.0,3.0,30.0,1.0,,46.0,33.0,0 days 19:40:00.000000000,0 days 05:38:00.000000000,0 days 03:31:00.000000000,0 days 17:11:00.000000000
2018-06-26,Punjab,Firozpur,38.2,,25.0,,,58.0,34.0,0 days 19:38:00.000000000,0 days 05:29:00.000000000,0 days 03:25:00.000000000,0 days 17:09:00.000000000
2018-06-26,Punjab,Gurdaspur,40.9,,29.8,,,60.0,28.0,0 days 19:41:00.000000000,0 days 05:20:00.000000000,0 days 03:56:00.000000000,0 days 18:04:00.000000000
2018-06-26,Punjab,Hoshiarpur,41.4,4.0,25.7,4.0,2.2,72.0,44.0,0 days 19:32:00.000000000,0 days 05:24:00.000000000,0 days 03:56:00.000000000,0 days 17:56:00.000000000
2018-06-26,Punjab,Jalandhar,40.2,,27.4,,,56.0,28.0,0 days 19:36:00.000000000,0 days 05:25:00.000000000,0 days 04:00:00.000000000,0 days 18:00:00.000000000
2018-06-26,Punjab,Kapurthala,40.0,,27.4,,,56.0,28.0,0 days 19:39:00.000000000,0 days 05:23:00.000000000,0 days 03:59:00.000000000,0 days 18:03:00.000000000
2018-06-26,Punjab,Ludhiana,41.1,5.0,28.7,3.0,,60.0,26.0,0 days 19:34:00.000000000,0 days 05:25:00.000000000,0 days 04:00:00.000000000,0 days 17:58:00.000000000
2018-06-26,Punjab,Mansa,42.1,,28.6,,,58.0,34.0,0 days 19:33:00.000000000,0 days 05:32:00.000000000,0 days 04:05:00.000000000,0 days 17:59:00.000000000
2018-06-26,Punjab,Moga,41.0,2.0,25.0,-1.0,,58.0,34.0,0 days 19:36:00.000000000,0 days 05:31:00.000000000,0 days 04:05:00.000000000,0 days 18:01:00.000000000
2018-06-26,Punjab,Muktsar,41.0,2.0,25.0,-1.0,,58.0,34.0,0 days 19:36:00.000000000,0 days 05:31:00.000000000,0 days 04:05:00.000000000,0 days 18:01:00.000000000
2018-06-26,Punjab,Pathankot,40.9,,29.8,,,60.0,28.0,0 days 19:41:00.000000000,0 days 05:20:00.000000000,0 days 03:56:00.000000000,0 days 18:04:00.000000000
2018-06-26,Punjab,Patiala,41.4,4.0,24.0,-3.0,35.3,92.0,33.0,0 days 19:29:00.000000000,0 days 05:23:00.000000000,0 days 03:57:00.000000000,0 days 17:54:00.000000000
2018-06-26,Punjab,Rupnagar,39.6,,25.3,,6.0,81.0,35.0,0 days 19:32:00.000000000,0 days 05:22:00.000000000,0 days 03:57:00.000000000,0 days 17:56:00.000000000
2018-06-26,Punjab,Sahibzada Ajit Singh Nagar,39.8,3.0,25.3,1.0,1.4,81.0,32.0,0 days 19:28:00.000000000,0 days 05:23:00.000000000,0 days 03:56:00.000000000,0 days 17:52:00.000000000
2018-06-26,Punjab,Sangrur,41.4,4.0,24.0,-3.0,35.3,92.0,33.0,0 days 19:29:00.000000000,0 days 05:23:00.000000000,0 days 03:57:00.000000000,0 days 17:54:00.000000000
2018-06-26,Punjab,Shahid Bhagat Singh Nagar,39.6,,25.3,,6.0,81.0,35.0,0 days 19:32:00.000000000,0 days 05:22:00.000000000,0 days 03:57:00.000000000,0 days 17:56:00.000000000
2018-06-26,Punjab,Tarn Taran,41.9,4.0,28.2,3.0,,56.0,28.0,0 days 19:39:00.000000000,0 days 05:27:00.000000000,0 days 04:03:00.000000000,0 days 18:04:00.000000000
2018-06-26,Rajasthan,Ajmer,37.6,0.0,24.2,-3.0,,71.0,43.0,0 days 19:28:00.000000000,0 days 05:41:00.000000000,0 days 04:12:00.000000000,0 days 17:55:00.000000000
2018-06-26,Rajasthan,Alwar,42.4,3.0,28.4,0.0,,64.0,55.0,0 days 19:23:00.000000000,0 days 05:32:00.000000000,0 days 03:23:00.000000000,0 days 16:56:00.000000000
2018-06-26,Rajasthan,Banswara,,,,,,,,0 days 19:23:00.000000000,0 days 05:47:00.000000000,0 days 03:36:00.000000000,0 days 16:58:00.000000000
2018-06-26,Rajasthan,Baran,39.4,,25.7,,2.8,77.0,74.0,,,,
2018-06-26,Rajasthan,Barmer,41.5,2.0,26.9,-1.0,,72.0,34.0,0 days 19:40:00.000000000,0 days 05:56:00.000000000,0 days 03:47:00.000000000,0 days 17:14:00.000000000
2018-06-26,Rajasthan,Bharatpur,42.5,,35.5,,,78.0,33.0,0 days 19:19:00.000000000,0 days 05:28:00.000000000,0 days 03:19:00.000000000,0 days 16:51:00.000000000
2018-06-26,Rajasthan,Bhilwara,37.0,-1.0,23.5,0.0,,77.0,47.0,0 days 19:27:00.000000000,0 days 05:44:00.000000000,0 days 03:34:00.000000000,0 days 17:01:00.000000000
2018-06-26,Rajasthan,Bikaner,41.7,1.0,25.1,-5.0,8.9,63.0,29.0,0 days 19:38:00.000000000,0 days 05:43:00.000000000,0 days 03:35:00.000000000,0 days 17:10:00.000000000
2018-06-26,Rajasthan,Bundi,,,26.0,,2.0,85.0,,0 days 19:22:00.000000000,0 days 05:38:00.000000000,0 days 03:28:00.000000000,0 days 16:56:00.000000000
2018-06-26,Rajasthan,Chittaurgarh,38.2,2.0,24.5,0.0,4.5,95.0,71.0,0 days 19:25:00.000000000,0 days 05:46:00.000000000,0 days 03:35:00.000000000,0 days 17:00:00.000000000
2018-06-26,Rajasthan,Churu,44.6,4.0,25.7,-3.0,0.8,52.0,30.0,0 days 19:33:00.000000000,0 days 05:37:00.000000000,0 days 03:29:00.000000000,0 days 17:04:00.000000000
2018-06-26,Rajasthan,Dausa,,,25.0,-1.0,52.0,90.0,,0 days 19:20:00.000000000,0 days 05:36:00.000000000,0 days 03:26:00.000000000,0 days 16:53:00.000000000
2018-06-26,Rajasthan,Dhaulpur,,,,,,,,0 days 19:16:00.000000000,0 days 05:27:00.000000000,0 days 03:18:00.000000000,0 days 16:48:00.000000000
2018-06-26,Rajasthan,Dungarpur,,,,,,,,0 days 19:23:00.000000000,0 days 05:47:00.000000000,0 days 03:36:00.000000000,0 days 16:58:00.000000000
2018-06-26,Rajasthan,Ganganagar,44.0,3.0,30.0,1.0,,46.0,33.0,0 days 19:40:00.000000000,0 days 05:38:00.000000000,0 days 03:31:00.000000000,0 days 17:11:00.000000000
2018-06-26,Rajasthan,Hanumangarh,,,,,,,,,,,
2018-06-26,Rajasthan,Jaipur,39.5,2.0,26.2,-1.0,,60.0,33.0,0 days 19:25:00.000000000,0 days 05:36:00.000000000,0 days 04:06:00.000000000,0 days 17:51:00.000000000
2018-06-26,Rajasthan,Jaisalmer,41.8,2.0,27.4,-1.0,,71.0,22.0,0 days 19:45:00.000000000,0 days 05:56:00.000000000,0 days 03:48:00.000000000,0 days 17:19:00.000000000
2018-06-26,Rajasthan,Jalor,,,,,,,,0 days 19:33:00.000000000,0 days 05:49:00.000000000,0 days 03:40:00.000000000,0 days 17:07:00.000000000
2018-06-26,Rajasthan,Jhalawar,,,,,,,,0 days 19:18:00.000000000,0 days 05:39:00.000000000,0 days 04:08:00.000000000,0 days 17:45:00.000000000
2018-06-26,Rajasthan,Jhunjhunun,41.8,3.0,25.9,-1.0,4.1,73.0,39.0,0 days 19:29:00.000000000,0 days 05:32:00.000000000,0 days 03:25:00.000000000,0 days 17:00:00.000000000
2018-06-26,Rajasthan,Jodhpur,39.2,0.0,28.9,1.0,0.2,59.0,34.0,0 days 19:34:00.000000000,0 days 05:47:00.000000000,0 days 03:38:00.000000000,0 days 17:08:00.000000000
2018-06-26,Rajasthan,Karauli,,,25.0,-1.0,52.0,90.0,,0 days 19:20:00.000000000,0 days 05:36:00.000000000,0 days 03:26:00.000000000,0 days 16:53:00.000000000
2018-06-26,Rajasthan,Kota,39.1,1.0,26.2,-2.0,,70.0,52.0,0 days 19:22:00.000000000,0 days 05:40:00.000000000,0 days 03:30:00.000000000,0 days 16:56:00.000000000
2018-06-26,Rajasthan,Nagaur,,,,,,,,0 days 19:34:00.000000000,0 days 05:43:00.000000000,0 days 04:15:00.000000000,0 days 18:00:00.000000000
2018-06-26,Rajasthan,Pali,,,26.8,2.0,,82.0,,0 days 19:32:00.000000000,0 days 05:50:00.000000000,0 days 03:40:00.000000000,0 days 17:06:00.000000000
2018-06-26,Rajasthan,Pratapgarh,,,,,,,,0 days 19:23:00.000000000,0 days 05:47:00.000000000,0 days 03:36:00.000000000,0 days 16:58:00.000000000
2018-06-26,Rajasthan,Rajsamand,36.2,1.0,24.5,-1.0,6.6,94.0,89.0,0 days 19:29:00.000000000,0 days 05:50:00.000000000,0 days 03:39:00.000000000,0 days 17:03:00.000000000
2018-06-26,Rajasthan,Sawai Madhopur,,,25.0,-1.0,52.0,90.0,,0 days 19:20:00.000000000,0 days 05:36:00.000000000,0 days 03:26:00.000000000,0 days 16:53:00.000000000
2018-06-26,Rajasthan,Sikar,37.5,-1.0,23.5,-2.0,17.0,71.0,34.0,0 days 19:29:00.000000000,0 days 05:37:00.000000000,0 days 03:28:00.000000000,0 days 17:01:00.000000000
2018-06-26,Rajasthan,Sirohi,,,18.0,0.0,24.6,75.0,,0 days 19:32:00.000000000,0 days 05:53:00.000000000,0 days 04:22:00.000000000,0 days 17:59:00.000000000
2018-06-26,Rajasthan,Tonk,40.6,,26.1,,,69.0,41.0,0 days 19:23:00.000000000,0 days 05:36:00.000000000,0 days 03:27:00.000000000,0 days 16:56:00.000000000
2018-06-26,Rajasthan,Udaipur,36.2,1.0,24.5,-1.0,6.6,94.0,89.0,0 days 19:29:00.000000000,0 days 05:50:00.000000000,0 days 03:39:00.000000000,0 days 17:03:00.000000000
2018-06-26,Sikkim,East Sikkim,20.8,-1.0,17.6,0.0,1.6,96.0,96.0,0 days 18:34:00.000000000,0 days 04:42:00.000000000,0 days 02:32:00.000000000,0 days 16:05:00.000000000
2018-06-26,Sikkim,North Sikkim,,,8.0,,4.0,,,0 days 18:34:00.000000000,0 days 04:42:00.000000000,0 days 02:32:00.000000000,0 days 16:05:00.000000000
2018-06-26,Sikkim,South Sikkim,,,,,,,,0 days 18:34:00.000000000,0 days 04:42:00.000000000,0 days 02:32:00.000000000,0 days 16:05:00.000000000
2018-06-26,Sikkim,West Sikkim,,,,,8.2,,,0 days 18:34:00.000000000,0 days 04:42:00.000000000,0 days 02:32:00.000000000,0 days 16:05:00.000000000
2018-06-26,Tamil Nadu,Ariyalur,38.5,2.0,27.0,-1.0,,55.0,31.0,0 days 18:40:00.000000000,0 days 05:55:00.000000000,0 days 04:18:00.000000000,0 days 17:13:00.000000000
2018-06-26,Tamil Nadu,Chennai,35.6,-1.0,28.4,1.0,,56.0,58.0,0 days 18:39:00.000000000,0 days 05:46:00.000000000,0 days 04:09:00.000000000,0 days 17:10:00.000000000
2018-06-26,Tamil Nadu,Coimbatore,32.5,1.0,21.6,-1.0,0.8,84.0,80.0,0 days 18:48:00.000000000,0 days 06:02:00.000000000,0 days 04:25:00.000000000,0 days 17:21:00.000000000
2018-06-26,Tamil Nadu,Cuddalore,38.3,1.0,25.5,-1.0,,60.0,77.0,0 days 18:38:00.000000000,0 days 05:49:00.000000000,0 days 04:12:00.000000000,0 days 17:10:00.000000000
2018-06-26,Tamil Nadu,Dharmapuri,34.6,1.0,23.8,1.0,,61.0,39.0,0 days 18:46:00.000000000,0 days 05:56:00.000000000,0 days 04:19:00.000000000,0 days 17:18:00.000000000
2018-06-26,Tamil Nadu,Dindigul,19.0,0.0,12.0,0.0,,64.0,90.0,0 days 18:44:00.000000000,0 days 06:01:00.000000000,0 days 04:23:00.000000000,0 days 17:17:00.000000000
2018-06-26,Tamil Nadu,Erode,22.5,0.0,15.7,1.0,1.8,72.0,90.0,0 days 18:50:00.000000000,0 days 06:01:00.000000000,0 days 04:25:00.000000000,0 days 07:22:00.000000000
2018-06-26,Tamil Nadu,Kancheepuram,35.6,-1.0,28.4,1.0,,56.0,58.0,0 days 18:39:00.000000000,0 days 05:46:00.000000000,0 days 04:09:00.000000000,0 days 17:10:00.000000000
2018-06-26,Tamil Nadu,Kanniyakumari,29.6,0.0,24.0,-1.0,2.2,81.0,93.0,0 days 18:40:00.000000000,0 days 06:05:00.000000000,0 days 04:00:00.000000000,0 days 17:14:00.000000000
2018-06-26,Tamil Nadu,Karur,38.5,2.0,27.0,-1.0,,55.0,31.0,0 days 18:40:00.000000000,0 days 05:55:00.000000000,0 days 04:18:00.000000000,0 days 17:13:00.000000000
2018-06-26,Tamil Nadu,Krishnagiri,34.6,1.0,23.8,1.0,,61.0,39.0,0 days 18:46:00.000000000,0 days 05:56:00.000000000,0 days 04:19:00.000000000,0 days 17:18:00.000000000
2018-06-26,Tamil Nadu,Madurai,38.0,1.0,26.7,0.0,,60.0,42.0,0 days 18:41:00.000000000,0 days 06:00:00.000000000,0 days 04:22:00.000000000,0 days 17:14:00.000000000
2018-06-26,Tamil Nadu,Nagappattinam,38.4,2.0,27.5,0.0,,53.0,57.0,0 days 18:35:00.000000000,0 days 05:53:00.000000000,0 days 04:13:00.000000000,0 days 17:08:00.000000000
2018-06-26,Tamil Nadu,Namakkal,36.1,1.0,24.5,1.0,,72.0,42.0,0 days 18:44:00.000000000,0 days 05:56:00.000000000,0 days 04:19:00.000000000,0 days 17:17:00.000000000
2018-06-26,Tamil Nadu,Perambalur,38.5,2.0,27.0,-1.0,,55.0,31.0,0 days 18:40:00.000000000,0 days 05:55:00.000000000,0 days 04:18:00.000000000,0 days 17:13:00.000000000
2018-06-26,Tamil Nadu,Pudukkottai,38.5,2.0,27.0,-1.0,,55.0,31.0,0 days 18:40:00.000000000,0 days 05:55:00.000000000,0 days 04:18:00.000000000,0 days 17:13:00.000000000
2018-06-26,Tamil Nadu,Ramanathapuram,36.25,1.5,27.5,0.0,,67.5,59.0,0 days 18:37:30.000000000,0 days 05:56:00.000000000,0 days 04:18:00.000000000,0 days 17:10:30.000000000
2018-06-26,Tamil Nadu,Salem,36.1,1.0,24.5,1.0,,72.0,42.0,0 days 18:44:00.000000000,0 days 05:56:00.000000000,0 days 04:19:00.000000000,0 days 17:17:00.000000000
2018-06-26,Tamil Nadu,Sivaganga,38.0,1.0,26.7,0.0,,60.0,42.0,0 days 18:41:00.000000000,0 days 06:00:00.000000000,0 days 04:22:00.000000000,0 days 17:14:00.000000000
2018-06-26,Tamil Nadu,Thanjavur,38.5,2.0,27.0,-1.0,,55.0,31.0,0 days 18:40:00.000000000,0 days 05:55:00.000000000,0 days 04:18:00.000000000,0 days 17:13:00.000000000
2018-06-26,Tamil Nadu,The Nilgiris,22.5,0.0,15.7,1.0,1.8,72.0,90.0,0 days 18:50:00.000000000,0 days 06:01:00.000000000,0 days 04:25:00.000000000,0 days 07:22:00.000000000
2018-06-26,Tamil Nadu,Theni,19.0,0.0,12.0,0.0,,64.0,90.0,0 days 18:44:00.000000000,0 days 06:01:00.000000000,0 days 04:23:00.000000000,0 days 17:17:00.000000000
2018-06-26,Tamil Nadu,Thiruvallur,35.6,-1.0,28.4,1.0,,56.0,58.0,0 days 18:39:00.000000000,0 days 05:46:00.000000000,0 days 04:09:00.000000000,0 days 17:10:00.000000000
2018-06-26,Tamil Nadu,Thiruvarur,38.4,2.0,27.5,0.0,,53.0,57.0,0 days 18:35:00.000000000,0 days 05:53:00.000000000,0 days 04:13:00.000000000,0 days 17:08:00.000000000
2018-06-26,Tamil Nadu,Thoothukkudi,34.2,-2.0,27.4,1.0,,58.0,50.0,0 days 18:41:00.000000000,0 days 06:03:00.000000000,0 days 04:25:00.000000000,0 days 17:14:00.000000000
2018-06-26,Tamil Nadu,Tiruchirappalli,38.5,2.0,27.0,-1.0,,55.0,31.0,0 days 18:40:00.000000000,0 days 05:55:00.000000000,0 days 04:18:00.000000000,0 days 17:13:00.000000000
2018-06-26,Tamil Nadu,Tirunelveli,34.2,-2.0,27.4,1.0,,58.0,50.0,0 days 18:41:00.000000000,0 days 06:03:00.000000000,0 days 04:25:00.000000000,0 days 17:14:00.000000000
2018-06-26,Tamil Nadu,Tiruppur,32.5,1.0,21.6,-1.0,0.8,84.0,80.0,0 days 18:48:00.000000000,0 days 06:02:00.000000000,0 days 04:25:00.000000000,0 days 17:21:00.000000000
2018-06-26,Tamil Nadu,Tiruvannamalai,36.2,0.0,26.2,1.0,,61.0,50.0,0 days 18:43:00.000000000,0 days 05:50:00.000000000,0 days 04:13:00.000000000,0 days 17:14:00.000000000
2018-06-26,Tamil Nadu,Vellore,36.2,0.0,26.2,1.0,,61.0,50.0,0 days 18:43:00.000000000,0 days 05:50:00.000000000,0 days 04:13:00.000000000,0 days 17:14:00.000000000
2018-06-26,Tamil Nadu,Viluppuram,38.3,1.0,25.5,-1.0,,60.0,77.0,0 days 18:38:00.000000000,0 days 05:49:00.000000000,0 days 04:12:00.000000000,0 days 17:10:00.000000000
2018-06-26,Tamil Nadu,Virudunagar,38.0,1.0,26.7,0.0,,60.0,42.0,0 days 18:41:00.000000000,0 days 06:00:00.000000000,0 days 04:22:00.000000000,0 days 17:14:00.000000000
2018-06-26,Telangana,Adilabad,34.6,1.0,26.2,0.0,,58.0,54.0,0 days 18:53:00.000000000,0 days 05:37:00.000000000,0 days 04:04:00.000000000,0 days 17:22:00.000000000
2018-06-26,Telangana,Hyderabad,33.2,0.0,23.7,1.0,,77.0,57.0,0 days 18:54:00.000000000,0 days 05:44:00.000000000,0 days 04:10:00.000000000,0 days 17:24:00.000000000
2018-06-26,Telangana,Karimnagar,34.6,1.0,26.2,0.0,,58.0,54.0,0 days 18:53:00.000000000,0 days 05:37:00.000000000,0 days 04:04:00.000000000,0 days 17:22:00.000000000
2018-06-26,Telangana,Khammam,39.0,3.0,28.0,2.0,,57.0,40.0,0 days 18:43:00.000000000,0 days 05:36:00.000000000,0 days 04:02:00.000000000,0 days 17:13:00.000000000
2018-06-26,Telangana,Mahbubnagar,36.5,2.0,26.2,1.0,,64.0,35.0,0 days 18:52:00.000000000,0 days 05:49:00.000000000,0 days 04:14:00.000000000,0 days 17:23:00.000000000
2018-06-26,Telangana,Medak,33.2,0.0,23.7,1.0,,77.0,57.0,0 days 18:54:00.000000000,0 days 05:44:00.000000000,0 days 04:10:00.000000000,0 days 17:24:00.000000000
2018-06-26,Telangana,Nalgonda,33.2,0.0,23.7,1.0,,77.0,57.0,0 days 18:54:00.000000000,0 days 05:44:00.000000000,0 days 04:10:00.000000000,0 days 17:24:00.000000000
2018-06-26,Telangana,Nizamabad,32.9,-1.0,25.2,1.0,,70.0,58.0,0 days 18:58:00.000000000,0 days 05:43:00.000000000,0 days 04:10:00.000000000,0 days 17:27:00.000000000
2018-06-26,Telangana,Ranga Reddy,33.2,0.0,23.7,1.0,,77.0,57.0,0 days 18:54:00.000000000,0 days 05:44:00.000000000,0 days 04:10:00.000000000,0 days 17:24:00.000000000
2018-06-26,Telangana,Warangal,35.5,1.0,25.5,-1.0,,70.0,45.0,0 days 18:51:00.000000000,0 days 05:38:00.000000000,0 days 04:05:00.000000000,0 days 17:20:00.000000000
2018-06-26,Tripura,Dhalai,,,,,,,,0 days 18:13:00.000000000,0 days 04:37:00.000000000,0 days 03:05:00.000000000,0 days 16:38:00.000000000
2018-06-26,Tripura,Gomati,30.8,-1.0,26.0,1.0,0.8,83.0,85.0,0 days 18:16:00.000000000,0 days 04:40:00.000000000,0 days 03:08:00.000000000,0 days 16:41:00.000000000
2018-06-26,Tripura,Khowai,30.8,-1.0,26.0,1.0,0.8,83.0,85.0,0 days 18:16:00.000000000,0 days 04:40:00.000000000,0 days 03:08:00.000000000,0 days 16:41:00.000000000
2018-06-26,Tripura,North Tripura,,,,,,,,0 days 18:13:00.000000000,0 days 04:37:00.000000000,0 days 03:05:00.000000000,0 days 16:38:00.000000000
2018-06-26,Tripura,Sipahijala,30.8,-1.0,26.0,1.0,0.8,83.0,85.0,0 days 18:16:00.000000000,0 days 04:40:00.000000000,0 days 03:08:00.000000000,0 days 16:41:00.000000000
2018-06-26,Tripura,South Tripura,30.8,-1.0,26.0,1.0,0.8,83.0,85.0,0 days 18:16:00.000000000,0 days 04:40:00.000000000,0 days 03:08:00.000000000,0 days 16:41:00.000000000
2018-06-26,Tripura,Unokoti,,,,,,,,0 days 18:13:00.000000000,0 days 04:37:00.000000000,0 days 03:05:00.000000000,0 days 16:38:00.000000000
2018-06-26,Tripura,West Tripura,30.8,-1.0,26.0,1.0,0.8,83.0,85.0,0 days 18:16:00.000000000,0 days 04:40:00.000000000,0 days 03:08:00.000000000,0 days 16:41:00.000000000
2018-06-26,Uttar Pradesh,Agra,,,27.2,3.0,2.8,96.0,,0 days 19:17:00.000000000,0 days 05:26:00.000000000,0 days 04:40:00.000000000,0 days 18:34:00.000000000
2018-06-26,Uttar Pradesh,Aligarh,42.8,6.0,30.0,3.0,,60.0,37.0,0 days 19:18:00.000000000,0 days 05:24:00.000000000,0 days 04:38:00.000000000,0 days 18:35:00.000000000
2018-06-26,Uttar Pradesh,Allahabad,44.3,8.0,28.6,1.0,,72.0,34.0,0 days 18:57:00.000000000,0 days 05:15:00.000000000,0 days 04:28:00.000000000,0 days 18:15:00.000000000
2018-06-26,Uttar Pradesh,Ambedkar Nagar,42.6,7.0,26.4,6.0,,77.0,40.0,0 days 18:58:00.000000000,0 days 05:12:00.000000000,0 days 04:25:00.000000000,0 days 18:15:00.000000000
2018-06-26,Uttar Pradesh,Amethi,42.4,,29.3,,,54.0,33.0,0 days 19:01:00.000000000,0 days 05:15:00.000000000,0 days 05:14:00.000000000,0 days 18:18:00.000000000
2018-06-26,Uttar Pradesh,Amroha,,,30.4,4.0,,47.0,,0 days 19:17:00.000000000,0 days 05:19:00.000000000,0 days 04:33:00.000000000,0 days 18:34:00.000000000
2018-06-26,Uttar Pradesh,Auraiya,42.4,6.0,28.0,1.0,,73.0,40.0,0 days 19:05:00.000000000,0 days 05:18:00.000000000,0 days 04:31:00.000000000,0 days 18:23:00.000000000
2018-06-26,Uttar Pradesh,Azamgarh,42.4,6.0,29.4,2.0,0.3,74.0,41.0,0 days 18:53:00.000000000,0 days 05:10:00.000000000,0 days 04:23:00.000000000,0 days 18:10:00.000000000
2018-06-26,Uttar Pradesh,Baghpat,42.1,5.0,29.8,2.0,,,,0 days 19:23:00.000000000,0 days 05:25:00.000000000,0 days 04:40:00.000000000,0 days 17:48:00.000000000
2018-06-26,Uttar Pradesh,Bahraich,41.6,7.0,26.0,-1.0,,76.0,37.0,0 days 19:03:00.000000000,0 days 05:10:00.000000000,0 days 04:24:00.000000000,0 days 18:20:00.000000000
2018-06-26,Uttar Pradesh,Ballia,,,26.3,0.0,,83.0,,,,,
2018-06-26,Uttar Pradesh,Balrampur,,,,,,,,0 days 18:59:00.000000000,0 days 05:10:00.000000000,0 days 04:24:00.000000000,0 days 18:16:00.000000000
2018-06-26,Uttar Pradesh,Banda,43.8,7.0,,,,66.0,48.0,0 days 19:03:00.000000000,0 days 05:20:00.000000000,0 days 04:33:00.000000000,0 days 18:21:00.000000000
2018-06-26,Uttar Pradesh,Barabanki,42.3,7.0,29.4,3.0,,55.0,31.0,0 days 19:04:00.000000000,0 days 05:15:00.000000000,0 days 04:29:00.000000000,0 days 18:21:00.000000000
2018-06-26,Uttar Pradesh,Bareilly,43.0,7.0,27.9,1.0,,65.0,30.0,0 days 19:14:00.000000000,0 days 05:17:00.000000000,0 days 04:32:00.000000000,0 days 18:30:00.000000000
2018-06-26,Uttar Pradesh,Basti,,,,,,,,0 days 18:59:00.000000000,0 days 05:10:00.000000000,0 days 04:24:00.000000000,0 days 18:16:00.000000000
2018-06-26,Uttar Pradesh,Bijnor,,,23.7,,,79.0,,0 days 19:24:00.000000000,0 days 05:18:00.000000000,0 days 04:33:00.000000000,0 days 17:48:00.000000000
2018-06-26,Uttar Pradesh,Budaun,43.0,7.0,27.9,1.0,,65.0,30.0,0 days 19:14:00.000000000,0 days 05:17:00.000000000,0 days 04:32:00.000000000,0 days 18:30:00.000000000
2018-06-26,Uttar Pradesh,Bulandshahr,42.8,6.0,30.0,3.0,,60.0,37.0,0 days 19:18:00.000000000,0 days 05:24:00.000000000,0 days 04:38:00.000000000,0 days 18:35:00.000000000
2018-06-26,Uttar Pradesh,Chandauli,42.4,6.0,29.4,2.0,0.3,74.0,41.0,0 days 18:53:00.000000000,0 days 05:10:00.000000000,0 days 04:23:00.000000000,0 days 18:10:00.000000000
2018-06-26,Uttar Pradesh,Chitrakoot,40.7,,28.8,,,61.0,38.0,,,,
2018-06-26,Uttar Pradesh,Deoria,,,26.3,0.0,,83.0,,,,,
2018-06-26,Uttar Pradesh,Etah,,,27.2,3.0,2.8,96.0,,0 days 19:17:00.000000000,0 days 05:26:00.000000000,0 days 04:40:00.000000000,0 days 18:34:00.000000000
2018-06-26,Uttar Pradesh,Etawah,,,27.2,3.0,2.8,96.0,,0 days 19:17:00.000000000,0 days 05:26:00.000000000,0 days 04:40:00.000000000,0 days 18:34:00.000000000
2018-06-26,Uttar Pradesh,Faizabad,,,,,,,,0 days 18:59:00.000000000,0 days 05:10:00.000000000,0 days 04:24:00.000000000,0 days 18:16:00.000000000
2018-06-26,Uttar Pradesh,Farrukhabad,42.8,8.0,29.7,4.0,,59.0,28.0,0 days 19:10:00.000000000,0 days 05:17:00.000000000,0 days 04:31:00.000000000,0 days 18:27:00.000000000
2018-06-26,Uttar Pradesh,Fatehpur,42.4,6.0,28.0,1.0,,73.0,40.0,0 days 19:05:00.000000000,0 days 05:18:00.000000000,0 days 04:31:00.000000000,0 days 18:23:00.000000000
2018-06-26,Uttar Pradesh,Firozabad,,,27.2,3.0,2.8,96.0,,0 days 19:17:00.000000000,0 days 05:26:00.000000000,0 days 04:40:00.000000000,0 days 18:34:00.000000000
2018-06-26,Uttar Pradesh,Gautam Buddha Nagar,42.7,,30.7,,,70.0,40.0,0 days 19:22:00.000000000,0 days 05:26:00.000000000,0 days 03:59:00.000000000,0 days 17:48:00.000000000
2018-06-26,Uttar Pradesh,Ghaziabad,42.9,5.0,30.2,2.0,,54.0,26.0,0 days 19:23:00.000000000,0 days 05:25:00.000000000,0 days 04:40:00.000000000,0 days 17:48:00.000000000
2018-06-26,Uttar Pradesh,Ghazipur,42.4,6.0,29.4,2.0,0.3,74.0,41.0,0 days 18:53:00.000000000,0 days 05:10:00.000000000,0 days 04:23:00.000000000,0 days 18:10:00.000000000
2018-06-26,Uttar Pradesh,Gonda,,,,,,,,0 days 18:59:00.000000000,0 days 05:10:00.000000000,0 days 04:24:00.000000000,0 days 18:16:00.000000000
2018-06-26,Uttar Pradesh,Gorakhpur,,,,,,,,0 days 18:59:00.000000000,0 days 05:10:00.000000000,0 days 04:24:00.000000000,0 days 18:16:00.000000000
2018-06-26,Uttar Pradesh,Hamirpur,43.8,7.0,,,,66.0,48.0,0 days 19:03:00.000000000,0 days 05:20:00.000000000,0 days 04:33:00.000000000,0 days 18:21:00.000000000
2018-06-26,Uttar Pradesh,Hapur,40.9,5.0,29.3,3.0,,62.0,40.0,0 days 19:22:00.000000000,0 days 05:23:00.000000000,0 days 04:38:00.000000000,0 days 18:39:00.000000000
2018-06-26,Uttar Pradesh,Hardoi,41.6,7.0,30.6,4.0,,45.0,32.0,0 days 19:08:00.000000000,0 days 05:17:00.000000000,0 days 04:30:00.000000000,0 days 18:25:00.000000000
2018-06-26,Uttar Pradesh,Hathras,42.8,6.0,30.0,3.0,,60.0,37.0,0 days 19:18:00.000000000,0 days 05:24:00.000000000,0 days 04:38:00.000000000,0 days 18:35:00.000000000
2018-06-26,Uttar Pradesh,Jalaun,42.4,6.0,28.0,1.0,,73.0,40.0,0 days 19:05:00.000000000,0 days 05:18:00.000000000,0 days 04:31:00.000000000,0 days 18:23:00.000000000
2018-06-26,Uttar Pradesh,Jaunpur,42.4,6.0,29.4,2.0,0.3,74.0,41.0,0 days 18:53:00.000000000,0 days 05:10:00.000000000,0 days 04:23:00.000000000,0 days 18:10:00.000000000
2018-06-26,Uttar Pradesh,Jhansi,41.2,3.0,27.0,1.0,1.0,66.0,53.0,0 days 19:10:00.000000000,0 days 05:27:00.000000000,0 days 04:41:00.000000000,0 days 18:28:00.000000000
2018-06-26,Uttar Pradesh,Kannauj,41.6,7.0,30.6,4.0,,45.0,32.0,0 days 19:08:00.000000000,0 days 05:17:00.000000000,0 days 04:30:00.000000000,0 days 18:25:00.000000000
2018-06-26,Uttar Pradesh,Kanpur Dehat,42.4,6.0,28.0,1.0,,73.0,40.0,0 days 19:05:00.000000000,0 days 05:18:00.000000000,0 days 04:31:00.000000000,0 days 18:23:00.000000000
2018-06-26,Uttar Pradesh,Kanpur Nagar,42.4,6.0,28.0,1.0,,73.0,40.0,0 days 19:05:00.000000000,0 days 05:18:00.000000000,0 days 04:31:00.000000000,0 days 18:23:00.000000000
2018-06-26,Uttar Pradesh,Kasganj,42.8,6.0,30.0,3.0,,60.0,37.0,0 days 19:18:00.000000000,0 days 05:24:00.000000000,0 days 04:38:00.000000000,0 days 18:35:00.000000000
2018-06-26,Uttar Pradesh,Kaushambi,44.3,8.0,28.6,1.0,,72.0,34.0,0 days 18:57:00.000000000,0 days 05:15:00.000000000,0 days 04:28:00.000000000,0 days 18:15:00.000000000
2018-06-26,Uttar Pradesh,Kushinagar,,,,,,,,,,,
2018-06-26,Uttar Pradesh,Lakhimpur Kheri,42.8,8.0,29.7,4.0,,59.0,28.0,0 days 19:10:00.000000000,0 days 05:17:00.000000000,0 days 04:31:00.000000000,0 days 18:27:00.000000000
2018-06-26,Uttar Pradesh,Lalitpur,41.2,3.0,27.0,1.0,1.0,66.0,53.0,0 days 19:10:00.000000000,0 days 05:27:00.000000000,0 days 04:41:00.000000000,0 days 18:28:00.000000000
2018-06-26,Uttar Pradesh,Lucknow,42.3,7.0,29.4,3.0,,55.0,31.0,0 days 19:04:00.000000000,0 days 05:15:00.000000000,0 days 04:29:00.000000000,0 days 18:21:00.000000000
2018-06-26,Uttar Pradesh,Maharajganj,,,,,,,,0 days 18:59:00.000000000,0 days 05:10:00.000000000,0 days 04:24:00.000000000,0 days 18:16:00.000000000
2018-06-26,Uttar Pradesh,Mahoba,43.8,7.0,,,,66.0,48.0,0 days 19:03:00.000000000,0 days 05:20:00.000000000,0 days 04:33:00.000000000,0 days 18:21:00.000000000
2018-06-26,Uttar Pradesh,Mainpuri,,,27.2,3.0,2.8,96.0,,0 days 19:17:00.000000000,0 days 05:26:00.000000000,0 days 04:40:00.000000000,0 days 18:34:00.000000000
2018-06-26,Uttar Pradesh,Mathura,,,27.2,3.0,2.8,96.0,,0 days 19:17:00.000000000,0 days 05:26:00.000000000,0 days 04:40:00.000000000,0 days 18:34:00.000000000
2018-06-26,Uttar Pradesh,Mau,42.4,6.0,29.4,2.0,0.3,74.0,41.0,0 days 18:53:00.000000000,0 days 05:10:00.000000000,0 days 04:23:00.000000000,0 days 18:10:00.000000000
2018-06-26,Uttar Pradesh,Meerut,40.9,5.0,29.3,3.0,,62.0,40.0,0 days 19:22:00.000000000,0 days 05:23:00.000000000,0 days 04:38:00.000000000,0 days 18:39:00.000000000
2018-06-26,Uttar Pradesh,Mirzapur,42.4,6.0,29.4,2.0,0.3,74.0,41.0,0 days 18:53:00.000000000,0 days 05:10:00.000000000,0 days 04:23:00.000000000,0 days 18:10:00.000000000
2018-06-26,Uttar Pradesh,Moradabad,,,30.4,4.0,,47.0,,0 days 19:17:00.000000000,0 days 05:19:00.000000000,0 days 04:33:00.000000000,0 days 18:34:00.000000000
2018-06-26,Uttar Pradesh,Muzaffarnagar,40.0,6.0,25.9,1.0,,62.0,37.0,0 days 19:23:00.000000000,0 days 05:22:00.000000000,0 days 04:37:00.000000000,0 days 18:40:00.000000000
2018-06-26,Uttar Pradesh,Pilibhit,38.9,5.0,28.0,3.0,,71.0,43.0,0 days 19:15:00.000000000,0 days 05:16:00.000000000,0 days 04:30:00.000000000,0 days 17:40:00.000000000
2018-06-26,Uttar Pradesh,Pratapgarh,42.6,7.0,26.4,6.0,,77.0,40.0,0 days 18:58:00.000000000,0 days 05:12:00.000000000,0 days 04:25:00.000000000,0 days 18:15:00.000000000
2018-06-26,Uttar Pradesh,Rae Bareli,42.4,,29.3,,,54.0,33.0,0 days 19:01:00.000000000,0 days 05:15:00.000000000,0 days 05:14:00.000000000,0 days 18:18:00.000000000
2018-06-26,Uttar Pradesh,Rampur,,,30.4,4.0,,47.0,,0 days 19:17:00.000000000,0 days 05:19:00.000000000,0 days 04:33:00.000000000,0 days 18:34:00.000000000
2018-06-26,Uttar Pradesh,Saharanpur,40.0,6.0,25.9,1.0,,62.0,37.0,0 days 19:23:00.000000000,0 days 05:22:00.000000000,0 days 04:37:00.000000000,0 days 18:40:00.000000000
2018-06-26,Uttar Pradesh,Sambhal,,,30.4,4.0,,47.0,,0 days 19:17:00.000000000,0 days 05:19:00.000000000,0 days 04:33:00.000000000,0 days 18:34:00.000000000
2018-06-26,Uttar Pradesh,Sant Kabir Nagar,,,,,,,,0 days 18:59:00.000000000,0 days 05:10:00.000000000,0 days 04:24:00.000000000,0 days 18:16:00.000000000
2018-06-26,Uttar Pradesh,Sant Ravi Das Nagar,42.4,6.0,29.4,2.0,0.3,74.0,41.0,0 days 18:53:00.000000000,0 days 05:10:00.000000000,0 days 04:23:00.000000000,0 days 18:10:00.000000000
2018-06-26,Uttar Pradesh,Shahjahanpur,42.8,8.0,29.7,4.0,,59.0,28.0,0 days 19:10:00.000000000,0 days 05:17:00.000000000,0 days 04:31:00.000000000,0 days 18:27:00.000000000
2018-06-26,Uttar Pradesh,Shamli,40.0,4.0,24.0,-2.0,35.0,77.0,34.0,0 days 19:26:00.000000000,0 days 05:24:00.000000000,0 days 03:57:00.000000000,0 days 17:51:00.000000000
2018-06-26,Uttar Pradesh,Shravasti,41.6,7.0,26.0,-1.0,,76.0,37.0,0 days 19:03:00.000000000,0 days 05:10:00.000000000,0 days 04:24:00.000000000,0 days 18:20:00.000000000
2018-06-26,Uttar Pradesh,Siddharth Nagar,,,,,,,,0 days 18:59:00.000000000,0 days 05:10:00.000000000,0 days 04:24:00.000000000,0 days 18:16:00.000000000
2018-06-26,Uttar Pradesh,Sitapur,41.6,7.0,30.6,4.0,,45.0,32.0,0 days 19:08:00.000000000,0 days 05:17:00.000000000,0 days 04:30:00.000000000,0 days 18:25:00.000000000
2018-06-26,Uttar Pradesh,Sonbhadra,42.4,6.0,29.4,2.0,0.3,74.0,41.0,0 days 18:53:00.000000000,0 days 05:10:00.000000000,0 days 04:23:00.000000000,0 days 18:10:00.000000000
2018-06-26,Uttar Pradesh,Sultanpur,42.6,7.0,26.4,6.0,,77.0,40.0,0 days 18:58:00.000000000,0 days 05:12:00.000000000,0 days 04:25:00.000000000,0 days 18:15:00.000000000
2018-06-26,Uttar Pradesh,Unnao,42.4,6.0,28.0,1.0,,73.0,40.0,0 days 19:05:00.000000000,0 days 05:18:00.000000000,0 days 04:31:00.000000000,0 days 18:23:00.000000000
2018-06-26,Uttar Pradesh,Varanasi,42.4,6.0,29.4,2.0,0.3,74.0,41.0,0 days 18:53:00.000000000,0 days 05:10:00.000000000,0 days 04:23:00.000000000,0 days 18:10:00.000000000
2018-06-26,Uttarakhand,Almora,34.0,,20.7,,,84.0,45.0,0 days 19:15:00.000000000,0 days 05:13:00.000000000,0 days 04:28:00.000000000,0 days 17:40:00.000000000
2018-06-26,Uttarakhand,Bageshwar,34.0,,20.7,,,84.0,45.0,0 days 19:15:00.000000000,0 days 05:13:00.000000000,0 days 04:28:00.000000000,0 days 17:40:00.000000000
2018-06-26,Uttarakhand,Chamoli,29.4,5.0,16.9,0.0,,77.0,91.0,0 days 19:18:00.000000000,0 days 05:11:00.000000000,0 days 04:27:00.000000000,0 days 17:41:00.000000000
2018-06-26,Uttarakhand,Champawat,27.3,,19.9,,,100.0,82.0,0 days 19:13:00.000000000,0 days 05:12:00.000000000,0 days 04:27:00.000000000,0 days 17:37:00.000000000
2018-06-26,Uttarakhand,Dehradun,31.299999999999997,4.0,21.35,3.0,,79.5,56.0,0 days 19:19:30.000000000,0 days 05:16:00.000000000,0 days 04:30:30.000000000,0 days 17:43:30.000000000
2018-06-26,Uttarakhand,Garhwal,,,23.7,,,79.0,,0 days 19:24:00.000000000,0 days 05:18:00.000000000,0 days 04:33:00.000000000,0 days 17:48:00.000000000
2018-06-26,Uttarakhand,Hardwar,,,23.7,,,79.0,,0 days 19:24:00.000000000,0 days 05:18:00.000000000,0 days 04:33:00.000000000,0 days 17:48:00.000000000
2018-06-26,Uttarakhand,Nainital,25.9,4.0,16.85,2.0,,91.0,68.5,0 days 19:19:30.000000000,0 days 05:16:00.000000000,0 days 04:30:30.000000000,0 days 17:43:30.000000000
2018-06-26,Uttarakhand,Pithoragarh,31.4,,18.6,,1.7,84.0,58.0,0 days 19:13:00.000000000,0 days 05:11:00.000000000,0 days 04:26:00.000000000,0 days 17:37:00.000000000
2018-06-26,Uttarakhand,Rudraprayag,29.4,5.0,16.9,0.0,,77.0,91.0,0 days 19:18:00.000000000,0 days 05:11:00.000000000,0 days 04:27:00.000000000,0 days 17:41:00.000000000
2018-06-26,Uttarakhand,Tehri Garhwal,27.0,,18.6,,,68.0,60.0,0 days 19:22:00.000000000,0 days 05:16:00.000000000,0 days 04:32:00.000000000,0 days 17:46:00.000000000
2018-06-26,Uttarakhand,Udham Singh Nagar,38.9,5.0,28.0,3.0,,71.0,43.0,0 days 19:15:00.000000000,0 days 05:16:00.000000000,0 days 04:30:00.000000000,0 days 17:40:00.000000000
2018-06-26,Uttarakhand,Uttarkashi,36.3,,21.6,,0.6,71.0,35.0,0 days 19:23:00.000000000,0 days 05:15:00.000000000,0 days 04:31:00.000000000,0 days 17:46:00.000000000
2018-06-26,West Bengal,Alipurduar,30.7,-1.0,26.1,1.0,1.0,87.0,85.0,0 days 18:28:00.000000000,0 days 04:41:00.000000000,0 days 03:11:00.000000000,0 days 16:53:00.000000000
2018-06-26,West Bengal,Bankura,27.3,-9.0,23.2,-3.0,80.1,97.0,95.0,0 days 18:31:00.000000000,0 days 04:58:00.000000000,0 days 03:26:00.000000000,0 days 16:58:00.000000000
2018-06-26,West Bengal,Barddhaman,28.05,-9.0,23.6,-3.0,50.15,92.0,89.0,0 days 18:32:00.000000000,0 days 04:57:30.000000000,0 days 03:26:00.000000000,0 days 16:58:30.000000000
2018-06-26,West Bengal,Birbhum,28.0,-6.0,24.2,-2.0,0.4,82.0,90.0,0 days 18:29:00.000000000,0 days 04:55:00.000000000,0 days 03:23:00.000000000,0 days 16:56:00.000000000
2018-06-26,West Bengal,Dakshin Dinajpur,31.8,-2.0,26.2,0.0,18.2,85.0,76.0,0 days 18:31:00.000000000,0 days 04:50:00.000000000,0 days 03:19:00.000000000,0 days 16:56:00.000000000
2018-06-26,West Bengal,Darjiling,19.8,0.0,15.5,2.0,22.0,98.0,98.0,0 days 18:35:00.000000000,0 days 04:45:00.000000000,0 days 03:15:00.000000000,0 days 16:59:00.000000000
2018-06-26,West Bengal,Haora,29.6,-3.0,24.1,-3.0,162.6,97.0,97.0,0 days 18:25:00.000000000,0 days 04:54:00.000000000,0 days 03:22:00.000000000,0 days 16:51:00.000000000
2018-06-26,West Bengal,Hugli,29.6,-3.0,24.1,-3.0,162.6,97.0,97.0,0 days 18:25:00.000000000,0 days 04:54:00.000000000,0 days 03:22:00.000000000,0 days 16:51:00.000000000
2018-06-26,West Bengal,Jalpaiguri,31.2,-1.0,25.6,1.0,6.7,93.0,76.0,0 days 18:32:00.000000000,0 days 04:44:00.000000000,0 days 03:14:00.000000000,0 days 16:56:00.000000000
2018-06-26,West Bengal,Koch Bihar,30.7,-1.0,26.1,1.0,1.0,87.0,85.0,0 days 18:28:00.000000000,0 days 04:41:00.000000000,0 days 03:11:00.000000000,0 days 16:53:00.000000000
2018-06-26,West Bengal,Kolkata,29.6,-3.0,24.1,-3.0,162.6,97.0,97.0,0 days 18:25:00.000000000,0 days 04:54:00.000000000,0 days 03:22:00.000000000,0 days 16:51:00.000000000
2018-06-26,West Bengal,Maldah,31.8,-2.0,26.2,0.0,18.2,85.0,76.0,0 days 18:31:00.000000000,0 days 04:50:00.000000000,0 days 03:19:00.000000000,0 days 16:56:00.000000000
2018-06-26,West Bengal,Murshidabad,34.6,1.0,25.2,-1.0,27.0,94.0,83.0,0 days 18:28:00.000000000,0 days 04:51:00.000000000,0 days 03:20:00.000000000,0 days 16:54:00.000000000
2018-06-26,West Bengal,Nadia,31.4,-3.0,25.2,1.0,22.6,83.0,97.0,0 days 18:26:00.000000000,0 days 04:52:00.000000000,0 days 03:20:00.000000000,0 days 16:52:00.000000000
2018-06-26,West Bengal,North 24 Parganas,29.6,-3.0,24.1,-3.0,162.6,97.0,97.0,0 days 18:25:00.000000000,0 days 04:54:00.000000000,0 days 03:22:00.000000000,0 days 16:51:00.000000000
2018-06-26,West Bengal,Pashchim Medinipur,28.0,-5.0,25.0,-1.0,31.4,97.0,97.0,0 days 18:28:00.000000000,0 days 04:59:00.000000000,0 days 03:26:00.000000000,0 days 16:55:00.000000000
2018-06-26,West Bengal,Purba Medinipur,29.9,-2.0,22.8,-4.0,108.8,100.0,98.0,0 days 18:25:00.000000000,0 days 04:58:00.000000000,0 days 03:25:00.000000000,0 days 16:52:00.000000000
2018-06-26,West Bengal,Puruliya,28.8,,24.0,,20.2,87.0,83.0,0 days 18:33:00.000000000,0 days 04:57:00.000000000,0 days 03:26:00.000000000,0 days 16:59:00.000000000
2018-06-26,West Bengal,South 24 Parganas,30.0,-2.0,23.0,-4.0,169.5,98.0,95.0,0 days 18:24:00.000000000,0 days 04:56:00.000000000,0 days 03:23:00.000000000,0 days 16:51:00.000000000
2018-06-26,West Bengal,Uttar Dinajpur,31.8,-2.0,26.2,0.0,18.2,85.0,76.0,0 days 18:31:00.000000000,0 days 04:50:00.000000000,0 days 03:19:00.000000000,0 days 16:56:00.000000000
